symbol,timestamp,entry_open,entry_high,entry_low,entry_close,daily_rsi,weekly_rsi,daily_adx,weekly_adx,mfe,mae,final_ret,window_days,comment,fwd_1w,o_1w,h_1w,l_1w,c_1w,date_1w,fwd_2w,o_2w,h_2w,l_2w,c_2w,date_2w,fwd_30d,o_30d,h_30d,l_30d,c_30d,date_30d,fwd_60d,o_60d,h_60d,l_60d,c_60d,date_60d,fwd_90d,o_90d,h_90d,l_90d,c_90d,date_90d,fwd_120d,o_120d,h_120d,l_120d,c_120d,date_120d,fwd_180d,o_180d,h_180d,l_180d,c_180d,date_180d,fwd_270d,o_270d,h_270d,l_270d,c_270d,date_270d,fwd_365d,o_365d,h_365d,l_365d,c_365d,date_365d,batch,mfe_bucket,reviewed
DIACABS,2022-05-02,0.17,0.18,0.17,0.18,50.07907836468763,50.00280699263213,34.94047013982563,24.045841993297177,11.944444444444445,0.0,11.944444444444445,504.0,,0.0,0.18,0.18,0.18,0.18,2022-05-09,0.05555555555555558,0.19,0.19,0.19,0.19,2022-05-16,0.05555555555555558,0.19,0.19,0.19,0.19,2022-06-06,0.05555555555555558,0.19,0.19,0.19,0.19,2022-07-04,0.05555555555555558,0.19,0.19,0.19,0.19,2022-08-01,0.11111111111111116,0.2,0.2,0.2,0.2,2022-09-05,11.944444444444445,2.22,2.33,2.22,2.33,2023-09-18,11.944444444444445,2.22,2.33,2.22,2.33,2023-09-18,11.944444444444445,2.22,2.33,2.22,2.33,2023-09-18,12,9,False
JAIBALAJI,2023-07-13,19.44,19.44,18.53,19.06,71.74959567333521,69.15846852659291,42.618034410149896,51.715600037819804,8.37722980062959,0.0,8.37722980062959,179.0,,0.2256033578174188,21.56,23.47,21.25,23.36,2023-07-20,0.49422875131164745,28.48,28.48,28.48,28.48,2023-07-27,1.4223504721930746,42.24,46.5,42.24,46.17,2023-08-14,2.5173137460650583,66.8,67.94,63.2,67.04,2023-09-11,4.353095487932844,100.58,103.8,98.0,102.03,2023-10-11,5.019412381951732,120.0,121.96,114.73,114.73,2023-11-10,8.603357817418678,186.0,186.6,182.0,183.04,2024-01-09,10.008394543546695,205.0,209.82,203.22,209.82,2024-04-08,8.119622245540398,175.78,176.39,173.24,173.82,2024-07-12,14,9,False
FORCEMOT,2023-04-03,1166.0,1264.0,1166.0,1233.8,36.64899501379851,35.475415665310756,46.14426928758057,36.70872927255187,3.9285945858323874,0.0,3.9285945858323874,330.0,,0.05872102447722494,1287.15,1325.15,1275.3,1306.25,2023-04-10,0.025328254174096232,1266.25,1272.1,1241.1,1265.05,2023-04-17,0.08915545469281905,1345.6,1351.5,1339.3,1343.8,2023-05-03,0.5564110876965473,1859.0,1929.9,1836.05,1920.3,2023-06-02,1.21413519208948,2710.0,2796.6,2665.0,2731.8,2023-07-03,1.0999351596693145,2578.0,2625.0,2550.05,2590.9,2023-08-01,2.116712595234236,3831.6,3944.0,3810.0,3845.4,2023-10-03,2.584576106338142,4400.0,4587.0,4250.1,4422.65,2024-02-14,5.120684065488734,7602.0,7689.0,7470.0,7551.7,2024-04-02,6,9,False
SUZLON,2023-04-03,7.9,8.2,7.9,8.1,40.918250753857535,40.467794014030304,25.46996588490497,22.049918031910813,3.7716049382716053,-0.01851851851851849,3.7716049382716053,224.0,,-0.006172839506172756,8.2,8.2,8.0,8.05,2023-04-10,0.006172839506172867,8.0,8.2,7.95,8.15,2023-04-17,0.0,8.1,8.3,8.0,8.1,2023-05-03,0.3580246913580247,11.25,11.4,10.85,11.0,2023-06-02,1.0740740740740744,15.75,16.8,15.75,16.8,2023-07-03,1.3827160493827164,19.55,19.85,19.1,19.3,2023-08-01,2.3271604938271606,25.95,27.05,25.75,26.95,2023-10-03,3.71604938271605,38.55,38.7,38.0,38.2,2023-12-29,4.246913580246914,41.8,43.0,40.4,42.5,2024-04-02,4,9,False
ANANDRATHI,2023-07-06,226.13,228.96,224.0,224.56,64.50529615341073,63.657474555971845,56.05517991112057,33.34378996985173,3.6605806911293195,0.0,3.5894193088706796,327.0,,0.11591556822230142,246.25,273.16,243.75,250.59,2023-07-13,0.15403455646597775,257.25,260.0,255.31,259.15,2023-07-20,0.437611328820805,324.5,329.7,314.31,322.83,2023-08-07,0.5588261489134307,352.74,352.74,348.25,350.05,2023-09-04,0.979337370858568,434.49,449.96,428.03,444.48,2023-10-04,1.2539633060206623,507.19,512.0,491.3,506.15,2023-11-03,1.870724973281083,643.75,657.75,627.51,644.65,2024-01-02,3.030682223013894,937.25,943.75,892.1,905.13,2024-04-01,3.4645529034556466,972.14,1005.0,966.68,1002.56,2024-07-05,6,9,False
SKYGOLD,2023-08-14,27.27,27.27,27.27,27.27,40.25259102846974,38.162759284194095,30.94988010087226,21.44206320654036,3.6351301796846354,0.0,2.86982031536487,233.0,,0.07004033736706994,29.18,29.18,29.18,29.18,2023-08-21,0.0517051705170517,28.91,28.91,28.68,28.68,2023-08-28,0.022735606894022764,27.89,27.89,27.89,27.89,2023-09-13,0.9633296662999633,49.1,55.44,49.1,53.54,2023-10-13,1.9508617528419507,80.47,80.47,80.47,80.47,2023-11-12,2.902823615694903,106.43,116.0,106.43,106.43,2023-12-12,3.0022002200220026,110.99,112.5,107.0,109.14,2024-02-12,3.4297763109644297,121.6,124.0,119.8,120.8,2024-05-10,8.037037037037036,246.44,246.44,246.44,246.44,2024-08-13,14,9,False
AURIONPRO,2023-04-05,162.48,164.25,158.0,163.48,40.82934985021586,39.714189621877345,44.66448521529535,21.01491243314588,3.492598482994862,0.0,3.492598482994862,196.0,,0.043430389038414674,163.85,171.45,163.73,170.58,2023-04-12,0.041717641301688424,174.5,175.0,169.35,170.3,2023-04-19,0.3888549057988746,216.35,233.95,213.53,227.05,2023-05-05,1.4684976755566432,402.0,422.25,392.75,403.55,2023-06-05,1.8086004404208467,469.5,472.5,455.0,459.15,2023-07-04,2.400905309517984,555.0,565.0,535.0,555.98,2023-08-03,2.875091754343039,624.5,635.0,610.0,633.5,2023-10-03,5.7878639588940555,1088.4,1120.0,1085.0,1109.68,2024-01-01,6.334536334719844,1171.58,1210.0,1171.58,1199.05,2024-04-04,15,9,False
PGEL,2024-03-19,169.3,176.14,167.32,173.45,36.693692415741765,34.61961454431755,30.865310766562494,44.399606890527195,3.313346785817239,-0.0867685211876621,3.313346785817239,258.0,,-0.0867685211876621,164.7,166.33,157.15,158.4,2024-03-26,0.037878351109829955,179.25,181.0,176.0,180.02,2024-04-02,0.08999711732487747,183.01,191.52,182.1,189.06,2024-04-18,0.265436725281061,214.7,221.9,213.7,219.49,2024-05-18,0.7336984721821851,297.54,302.88,291.26,300.71,2024-06-18,1.0579417699625253,364.8,365.95,350.9,356.95,2024-07-18,2.543960795618334,618.95,637.0,608.0,614.7,2024-09-16,4.76621504756414,933.0,1014.0,930.0,1000.15,2024-12-16,4.149322571346209,898.0,901.95,875.0,893.15,2025-03-19,9,9,False
CUPID,2025-07-11,21.96,23.8,21.94,23.7,69.88942018080905,67.02992411359965,45.68147543067874,35.74533183343455,3.1063291139240503,0.0,3.1063291139240503,171.0,,0.23839662447257393,26.98,29.59,26.87,29.35,2025-07-18,0.2481012658227848,29.58,30.96,29.3,29.58,2025-07-25,0.39367088607594947,33.82,34.68,31.82,33.03,2025-08-11,0.658649789029536,37.6,39.8,37.46,39.31,2025-09-09,1.027848101265823,43.11,49.68,42.12,48.06,2025-10-09,1.205485232067511,54.0,54.0,50.81,52.27,2025-11-10,2.6607594936708865,87.96,93.79,84.3,86.76,2026-01-07,2.6430379746835446,88.0,89.89,85.76,86.34,2026-04-07,7.727004219409283,212.24,215.25,205.0,206.83,2026-07-13,9,9,False
IRCON,2023-03-31,54.0,56.45,53.85,56.0,52.03647816656322,47.82794178278585,20.39589740930349,32.085676255142886,2.6669642857142857,0.0,2.6669642857142857,291.0,,0.03482142857142856,58.9,58.9,57.6,57.95,2023-04-10,0.025892857142857162,58.6,58.65,57.25,57.45,2023-04-17,0.5410714285714284,75.0,87.95,74.9,86.3,2023-05-02,0.4276785714285716,82.95,83.65,79.3,79.95,2023-05-30,0.4910714285714286,84.5,84.5,83.3,83.5,2023-06-30,0.7375,93.75,97.85,93.05,97.3,2023-07-31,1.5455357142857147,141.45,144.0,141.05,142.55,2023-09-27,2.057142857142857,167.2,173.0,165.7,171.2,2023-12-26,3.057142857142857,221.7,228.0,220.55,227.2,2024-04-01,9,9,False
MAZDOCK,2022-07-05,129.75,129.75,125.3,126.35,46.155940576163864,44.901019252945844,22.44047268674961,22.833661617287447,2.616937079540958,0.0,1.734863474475663,274.0,,0.03031262366442422,131.4,132.38,129.4,130.18,2022-07-12,0.04178868223189558,131.35,134.35,131.0,131.63,2022-07-19,0.08428967154728939,137.25,139.0,134.23,137.0,2022-08-04,0.5516422635536211,199.73,202.3,194.53,196.05,2022-09-05,1.0312623664424216,243.15,262.5,243.15,256.65,2022-10-03,1.8674317372378315,319.5,374.5,318.3,362.3,2022-11-02,2.1189552829442024,399.0,400.55,390.7,394.08,2023-01-02,1.6003165809259996,332.5,333.0,325.1,328.55,2023-04-03,4.155362089434112,641.65,662.28,641.5,651.38,2023-07-05,3,9,False
HBLENGINE,2023-05-25,105.5,109.5,105.5,108.1,54.23966290493483,53.91236141878741,26.40239873949511,19.12841489323345,2.550416281221092,-0.03515263644773359,2.550416281221092,190.0,,0.0027752081406107187,107.65,110.75,107.0,108.4,2023-06-01,0.20767807585568931,137.7,137.75,128.8,130.55,2023-06-08,0.4065679925994452,146.4,152.8,144.05,152.05,2023-06-26,0.5675300647548567,169.25,172.45,168.4,169.45,2023-07-24,1.6466234967622575,280.9,289.7,276.05,286.1,2023-08-23,1.3085106382978724,245.2,251.8,243.8,249.55,2023-09-22,2.190564292321924,344.9,358.7,340.4,344.9,2023-11-21,3.887604070305273,540.05,547.25,520.3,528.35,2024-02-19,3.7576318223866787,542.0,544.6,498.0,514.3,2024-05-24,7,9,False
CHENNPETRO,2022-03-03,109.0,111.5,108.75,110.4,45.82115898800244,41.671737223329764,31.632803380454,23.974715254010672,2.4402173913043477,-0.021286231884058093,1.5615942028985508,172.0,,0.12137681159420288,128.7,129.2,122.2,123.8,2022-03-10,0.13360507246376807,126.75,129.0,124.95,125.15,2022-03-17,0.20969202898550732,131.1,134.9,131.1,133.55,2022-04-04,1.7821557971014488,290.0,307.15,280.55,307.15,2022-05-02,1.6711956521739126,288.8,295.3,286.5,294.9,2022-06-01,1.6933876811594204,305.25,313.0,272.55,297.35,2022-07-01,1.6444746376811592,298.05,302.0,288.25,291.95,2022-08-30,0.9148550724637681,202.0,214.0,202.0,211.4,2022-11-28,1.1553442028985503,236.0,241.9,235.2,237.95,2023-03-03,9,9,False
REFEX,2023-04-06,54.39,55.02,52.41,55.02,54.35180701656482,49.53622800591311,35.51797827709844,24.12061541057705,2.2262813522355502,0.0,1.5312613595056344,194.0,,0.0730643402399127,59.3,60.48,57.4,59.04,2023-04-13,0.06397673573246077,59.72,60.8,58.0,58.54,2023-04-20,0.1764812795347146,61.98,67.0,61.4,64.73,2023-05-08,0.8458742275536169,105.24,107.71,100.4,101.56,2023-06-05,0.9098509632860776,107.58,107.59,104.22,105.08,2023-07-05,1.8438749545619775,156.47,156.47,156.47,156.47,2023-08-04,1.3200654307524538,128.39,129.8,124.35,127.65,2023-10-03,1.2960741548527808,122.0,126.33,120.4,126.33,2024-01-01,1.614503816793893,141.5,145.4,140.3,143.85,2024-04-05,16,9,False
OPTIEMUS,2024-06-10,258.05,276.4,255.9,268.95,43.7401161099813,39.60142232497946,29.248390072921815,33.131956220854455,2.164900539133668,-0.008365867261572735,1.6454731362706823,177.0,,0.04201524446923233,279.45,284.4,274.5,280.25,2024-06-18,0.20970440602342455,315.3,328.15,311.05,325.35,2024-06-24,0.47313627068228303,409.55,420.5,388.0,396.2,2024-07-10,0.9631901840490797,489.9,533.0,487.0,528.0,2024-08-09,1.134783416992006,597.9,599.45,570.0,574.15,2024-09-09,1.5047406581148914,641.6,673.65,609.55,673.65,2024-10-08,1.743818553634505,734.0,740.0,722.7,737.95,2024-12-09,0.7110987172336867,455.0,471.3,455.0,460.2,2025-03-07,1.2368469975831942,602.4,609.8,594.2,601.6,2025-06-10,16,9,False
GABRIEL,2023-03-31,138.0,139.45,135.2,136.05,32.49055209596791,31.538679443664858,45.6493764770928,40.96652399075986,2.152517456817346,0.0,1.400588019110621,355.0,,0.06504961411245858,147.9,149.3,144.0,144.9,2023-04-10,0.04630650496141109,145.55,145.9,141.7,142.35,2023-04-17,0.16685042263873573,154.95,161.25,154.5,158.75,2023-05-02,0.2741639103270854,176.7,176.7,172.05,173.35,2023-05-30,0.4410143329658214,192.0,198.2,191.25,196.05,2023-06-30,0.65380374862183,217.5,225.8,216.25,225.0,2023-07-31,1.3704520396912896,316.8,332.35,314.7,322.5,2023-09-27,1.9231900036751193,407.2,407.2,395.05,397.7,2023-12-26,1.6449834619625139,334.0,363.8,332.0,359.85,2024-04-01,9,9,False
FACT,2022-10-19,115.7,122.0,115.1,119.05,51.68199293158974,50.10983298423258,23.15387415684711,21.73884833725453,2.1360772784544313,-0.03569928601427974,0.8496430071398571,169.0,,-0.004619907601847939,116.95,119.05,116.7,118.5,2022-10-27,0.023099538009239806,118.15,124.8,116.6,121.8,2022-11-02,0.050398992020159517,127.6,128.15,124.15,125.05,2022-11-18,1.2351952960940782,278.7,295.4,257.35,266.1,2022-12-19,1.6921461570768583,305.0,320.5,294.0,320.5,2023-01-17,1.122217555648887,256.25,259.3,251.65,252.65,2023-02-16,1.8063838723225536,314.95,351.8,309.15,334.1,2023-04-17,3.1238975220495586,496.55,505.8,488.5,490.95,2023-07-17,5.112137757244855,718.85,748.0,711.05,727.65,2023-10-19,4,9,False
ETERNAL,2023-04-03,51.5,52.15,50.9,51.95,43.59294432468457,41.9319551427791,19.16456642916681,22.470900095779587,1.9605389797882582,-0.004812319538017307,1.9605389797882582,315.0,,0.038498556304138676,52.15,54.2,51.8,53.95,2023-04-10,0.038498556304138676,54.2,54.25,53.0,53.95,2023-04-17,0.2232916265640037,63.45,64.95,63.15,63.55,2023-05-03,0.3695861405197305,70.0,73.2,69.5,71.15,2023-06-02,0.45620789220404245,75.45,77.25,74.55,75.65,2023-07-03,0.6313763233878729,84.6,85.7,84.2,84.75,2023-08-01,1.026948989412897,101.0,105.9,100.0,105.3,2023-10-03,1.381135707410972,124.0,125.55,123.25,123.7,2023-12-29,2.524542829643888,185.0,185.0,180.75,183.1,2024-04-02,1,9,False
POWERINDIA,2023-11-17,4581.25,4680.0,4549.15,4595.1,56.982117620156174,56.261509036776985,24.099767851483865,28.707198342373683,1.914724380318165,0.0,1.914724380318165,228.0,,0.051369937542164346,4832.15,4920.5,4773.0,4831.15,2023-11-24,0.029966703662597016,4700.0,4827.25,4700.0,4732.8,2023-12-01,0.13436051446105624,5088.0,5250.0,5073.45,5212.5,2023-12-18,0.28780657657069475,5900.0,6024.3,5881.0,5917.6,2024-01-16,0.27566320645905407,5904.5,6019.95,5825.35,5861.8,2024-02-15,0.4153010815869076,6698.0,6698.0,6440.0,6503.45,2024-03-18,1.3385018824399904,9785.0,10849.95,9710.45,10745.65,2024-05-15,1.4754194685643398,11575.4,11780.0,11250.0,11374.8,2024-08-13,1.4791952297012032,11782.3,11790.4,11220.9,11392.15,2024-11-18,2,9,False
THANGAMAYL,2023-03-06,491.23,496.05,484.49,492.56,42.78677820351444,40.5224415491442,16.881948194996937,19.793106057247456,1.8661482865031673,-0.01662741594932593,1.8661482865031673,219.0,,0.04007633587786241,492.17,522.2,490.43,512.3,2023-03-13,0.009887120350820178,506.53,510.75,495.08,497.43,2023-03-20,0.006496670456391129,493.62,498.35,491.81,495.76,2023-04-05,0.013419684911482932,510.82,510.82,497.01,499.17,2023-05-05,0.48264170862433,729.03,749.88,724.11,730.29,2023-06-05,0.4794339775864871,731.86,740.22,727.11,728.71,2023-07-04,1.5171958746142598,1235.22,1276.93,1231.4,1239.87,2023-09-04,1.6988590222510962,1332.69,1333.51,1312.78,1329.35,2023-12-01,1.5769043365275297,1295.39,1301.1,1264.34,1269.28,2024-03-05,10,9,False
WOCKPHARMA,2024-06-24,580.0,593.75,578.3,590.9,59.47025845261973,58.68831720380744,16.142800572990378,19.927334976892794,1.7967507192418344,0.0,1.2918429514300223,267.0,,0.3943137586732104,750.0,823.9,730.5,823.9,2024-07-01,0.4897613809443222,914.0,940.0,870.0,880.3,2024-07-08,0.46852259265527163,899.0,899.0,862.0,867.75,2024-07-24,0.7233034354374683,977.0,1018.3,970.0,1018.3,2024-08-23,0.7058723980368928,1033.8,1044.0,1005.1,1008.0,2024-09-23,0.725672702656964,1070.0,1084.0,1013.5,1019.7,2024-10-22,1.435606701641564,1469.75,1478.65,1415.0,1439.2,2024-12-23,1.5703164664071756,1490.0,1528.95,1470.0,1518.8,2025-03-21,1.929260450160772,1770.0,1788.5,1721.0,1730.9,2025-06-24,7,9,False
MRPL,2022-03-30,41.15,43.0,40.8,42.3,46.37479351971963,44.34106184130506,19.319290511196332,19.789982995773283,1.789598108747045,-0.016548463356973908,1.789598108747045,70.0,,0.1962174940898347,49.0,51.9,48.3,50.6,2022-04-06,0.24468085106382986,54.15,54.8,52.25,52.65,2022-04-13,0.7434988179669031,71.2,75.8,70.5,73.75,2022-04-29,0.8392434988179669,80.1,81.7,76.0,77.8,2022-05-30,1.1359338061465722,83.5,90.35,83.5,90.35,2022-06-28,0.7635933806146571,73.7,75.2,73.25,74.6,2022-07-28,0.42316784869976365,63.05,63.3,59.7,60.2,2022-09-26,0.2706855791962175,53.0,54.4,52.4,53.75,2022-12-26,0.24231678486997632,51.6,52.95,51.6,52.55,2023-03-31,6,9,False
RECLTD,2023-05-31,140.45,142.65,139.75,141.55,65.73083748705167,63.63942483735177,35.65928756302884,46.893950929646934,1.7700459201695513,-0.006711409395973256,1.7700459201695513,188.0,,0.03532320734722716,146.6,147.35,146.15,146.55,2023-06-07,0.08583539385376171,155.4,155.95,152.95,153.7,2023-06-14,0.16319321794418928,169.0,169.5,164.0,164.65,2023-06-30,0.4337689862239489,194.7,203.85,193.05,202.95,2023-07-31,0.7262451430589896,244.0,247.0,241.55,244.35,2023-08-29,0.9872836453549982,284.2,286.0,279.6,281.3,2023-09-28,1.3952666902154713,339.0,342.4,331.85,339.05,2023-11-28,2.246202755210173,463.0,467.2,458.55,459.5,2024-02-26,2.869657364888732,568.75,572.15,545.0,547.75,2024-05-30,3,9,False
TRENT,2023-11-08,1633.34,1669.24,1594.04,1635.24,75.6598882594355,74.93756069240445,49.98589199074706,63.894583787124226,1.7698013747217534,0.0,1.7654411584843812,287.0,,0.040893079914874786,1719.88,1719.88,1689.91,1702.11,2023-11-15,0.07105990557960906,1750.01,1764.71,1738.34,1751.44,2023-11-22,0.15836819060199114,1904.88,1924.88,1866.81,1894.21,2023-12-08,0.24123064504292957,2053.98,2055.48,2025.21,2029.71,2024-01-08,0.23733519238766165,2016.68,2080.94,2014.44,2023.34,2024-02-06,0.6112680707419094,2593.35,2652.01,2560.21,2634.81,2024-03-07,0.8382928499792079,3036.68,3053.35,2986.85,3006.05,2024-05-06,1.17987573689489,3573.35,3616.25,3484.05,3564.62,2024-08-05,1.652222303759693,4666.02,4676.86,4204.59,4337.02,2024-11-07,2,9,False
GRAVITA,2024-05-18,960.8,974.0,931.35,968.1,50.15307224071959,48.22923346637758,25.711299446940842,19.281808822904306,1.752453258960851,-0.01776675963226948,1.3321454395207106,205.0,,0.1765313500671417,1076.25,1150.0,1066.25,1139.0,2024-05-27,0.10680714802189861,1120.0,1125.0,1064.05,1071.5,2024-06-03,0.32656750335709117,1305.35,1305.75,1262.75,1284.25,2024-06-18,0.44215473608098343,1422.05,1429.65,1355.6,1396.15,2024-07-18,1.2895878524945772,1970.7,2311.5,1961.65,2216.55,2024-08-16,1.6704369383328168,2584.7,2660.0,2510.2,2585.25,2024-09-16,1.1673380849085837,2135.0,2184.95,2083.45,2098.2,2024-11-14,0.8792480115690526,1855.0,1873.45,1801.5,1819.3,2025-02-12,1.18293564714389,2055.2,2170.0,2055.2,2113.3,2025-05-19,10,9,False
WELCORP,2026-03-25,815.0,840.0,806.0,835.55,50.30095129298725,48.60595446709238,15.424849625231392,15.380824770043501,1.742145891927473,-0.027347256298246525,1.742145891927473,149.0,,-0.009275327628508134,825.8,847.65,823.5,827.8,2026-04-01,0.12147687152175224,910.0,944.0,894.0,937.05,2026-04-08,0.4450960445215728,1210.0,1218.0,1175.3,1207.45,2026-04-24,0.5529890491293159,1284.9,1321.4,1284.9,1297.6,2026-05-25,0.695170845550835,1418.8,1439.0,1399.1,1416.4,2026-06-23,0.9302255999042548,1611.8,1622.8,1600.0,1612.8,2026-07-23,,,,,,,,,,,,,,,,,,,6,9,False
HFCL,2026-04-06,71.44,73.45,69.83,72.88,52.443244511754955,52.434630514868324,12.28517563864234,15.552828074134986,1.7361416026344676,-0.003293084522502654,1.7361416026344676,58.0,,0.18002195389681686,82.25,89.8,81.69,86.0,2026-04-13,0.2801866081229418,97.0,97.49,92.92,93.3,2026-04-20,0.9409989023051595,128.9,142.95,128.0,141.46,2026-05-06,1.5690175631174532,196.0,197.0,187.23,187.23,2026-06-05,2.086580680570801,212.9,225.2,210.85,224.95,2026-07-06,1.7823819978046105,202.4,207.0,200.22,202.78,2026-08-04,,,,,,,,,,,,,,,,,,,8,9,False
KALYANKJIL,2023-05-04,106.5,107.0,105.0,105.65,46.19721808468845,43.9796813426003,26.87795527978473,24.00669407254922,1.6867013724562234,-0.008045433033601612,1.6867013724562234,165.0,,0.007572172266919086,105.45,106.6,105.2,106.45,2023-05-11,0.010411736867013577,107.9,108.2,106.25,106.75,2023-05-18,0.052531945101750965,112.5,113.35,110.35,111.2,2023-06-05,0.42404164694746793,147.05,152.8,145.65,150.45,2023-07-03,0.5925224798864173,172.55,173.05,162.65,168.25,2023-08-02,1.3237103644107902,255.95,261.9,242.65,245.5,2023-09-01,1.73260766682442,292.8,292.8,286.8,288.7,2023-10-31,2.3596781826786555,356.0,359.3,350.1,354.95,2024-01-29,2.843823946994794,414.8,415.8,403.5,406.1,2024-05-03,5,9,False
APARINDS,2022-05-25,622.85,624.95,601.25,612.85,41.90328978940318,41.24198617715304,20.033450709762548,20.005746045645665,1.6712082891408988,-0.010116668026433961,1.6712082891408988,196.0,,0.17418617932609926,720.0,739.5,710.05,719.6,2022-06-01,0.298033776617443,792.0,841.0,785.95,795.5,2022-06-08,0.5878273639552909,928.6,989.0,925.05,973.1,2022-06-24,0.7520600473198988,985.0,1090.0,956.0,1073.75,2022-07-25,1.1806314758913277,1218.0,1372.0,1200.2,1336.4,2022-08-23,1.1982540589051154,1290.1,1378.0,1290.1,1347.2,2022-09-22,1.4807049033205515,1529.5,1542.95,1511.25,1520.3,2022-11-21,2.792118789263278,2405.0,2419.7,2304.0,2324.0,2023-02-20,3.462511218079465,2792.75,2821.0,2715.55,2734.85,2023-05-25,5,9,False
WEBELSOLAR,2023-10-11,16.72,18.25,16.63,18.25,75.2136110942676,74.7547651002128,54.078903207994564,67.69062868138148,1.6591780821917808,-0.0926027397260275,1.6591780821917808,174.0,,0.08328767123287673,20.3,20.31,19.77,19.77,2023-10-18,-0.0871232876712329,16.94,17.5,16.11,16.66,2023-10-25,0.08657534246575338,19.5,20.37,19.12,19.83,2023-11-10,0.3780821917808219,24.22,25.76,24.08,25.15,2023-12-11,0.4695890410958905,27.01,28.2,26.54,26.82,2024-01-09,1.5013698630136987,45.65,45.65,44.35,45.65,2024-02-08,2.1331506849315067,55.5,57.18,55.2,57.18,2024-04-08,2.0936986301369864,57.0,58.0,56.15,56.46,2024-07-08,4.852602739726027,103.9,106.81,101.21,106.81,2024-10-10,16,9,False
FACT,2023-06-07,336.8,341.95,330.45,333.8,59.092877332641564,59.044582168877405,25.026558496106816,26.57425202092296,1.6568304373876575,-0.043738765727980855,0.9959556620730976,299.0,,0.12866986219292986,331.75,389.4,326.0,376.75,2023-06-14,0.23936488915518273,420.0,437.7,407.4,413.7,2023-06-21,0.4054823247453563,475.0,480.25,465.6,469.15,2023-07-07,0.41267225883762726,478.25,483.0,470.0,471.55,2023-08-07,0.3774715398442181,471.25,481.9,439.9,459.8,2023-09-05,0.6017076093469143,530.0,543.45,527.0,534.65,2023-10-05,1.2446075494307967,737.9,761.9,730.25,749.25,2023-12-04,1.1574295985620129,735.0,735.0,712.05,720.15,2024-03-04,1.0834331935290593,670.0,705.4,669.95,695.45,2024-06-06,4,9,False
KIRLOSENG,2022-07-01,135.65,135.9,133.25,135.1,42.83578559205113,42.532366981876486,32.232252160711795,17.96719128299425,1.6413767579570693,0.0,1.4059955588453001,248.0,,0.0396002960769799,139.0,142.5,138.65,140.45,2022-07-08,0.08808290155440424,144.45,148.0,143.55,147.0,2022-07-15,0.23945225758697264,164.9,171.7,163.9,167.45,2022-08-01,0.6798667653589934,218.95,233.35,216.75,226.95,2022-08-30,0.7446336047372317,233.0,238.0,225.45,235.7,2022-09-29,0.9296817172464842,258.7,265.0,258.05,260.7,2022-10-31,1.3419689119170983,324.0,324.0,315.0,316.4,2022-12-28,1.7975573649148777,379.4,386.5,363.35,377.95,2023-03-28,1.9430051813471505,394.0,399.2,393.0,397.6,2023-07-03,7,9,False
PCJEWELLER,2022-06-01,2.02,2.21,2.01,2.19,46.78101857684659,43.12947267939768,20.04919932516571,21.906742114707317,1.6301369863013697,0.0,1.6210045662100456,68.0,,0.0365296803652968,2.27,2.31,2.26,2.27,2022-06-08,0.10045662100456632,2.35,2.46,2.35,2.41,2022-06-15,0.08675799086757996,2.34,2.38,2.27,2.38,2022-07-01,1.2465753424657535,4.88,4.92,4.81,4.92,2022-08-01,2.26027397260274,7.17,7.23,7.12,7.14,2022-08-30,2.7351598173515983,7.95,8.2,7.95,8.18,2022-09-29,2.470319634703196,7.91,7.93,7.55,7.6,2022-11-28,0.182648401826484,2.59,2.59,2.59,2.59,2023-02-27,0.11415525114155245,2.35,2.47,2.34,2.44,2023-06-01,13,9,False
DBREALTY,2022-01-03,42.36,42.4,42.31,42.4,60.69980508930339,60.43322287518224,26.80886763635416,35.2341065392555,1.6115566037735851,0.0,0.4386792452830188,148.0,,0.27311320754716983,53.98,53.98,49.16,53.98,2022-01-10,0.46839622641509426,59.83,62.26,58.18,62.26,2022-01-17,0.8589622641509433,78.82,78.82,78.82,78.82,2022-02-02,1.2455188679245284,95.21,95.21,87.71,95.21,2022-03-04,1.1002358490566038,92.26,92.26,87.23,89.05,2022-04-04,0.6379716981132078,69.58,72.66,69.45,69.45,2022-05-04,0.0643867924528303,46.35,48.38,44.26,45.13,2022-07-04,1.2127358490566036,88.66,93.82,85.54,93.82,2022-09-30,0.9058962264150945,81.51,82.07,80.21,80.81,2023-01-03,14,9,False
WEBELSOLAR,2024-07-30,60.18,61.09,59.6,60.77,56.88214332006926,54.223543189919184,29.54735637327757,23.686962172887387,1.60457462563765,-0.018430146453842444,1.5629422412374527,136.0,,0.09939114694750706,66.81,66.81,66.81,66.81,2024-08-06,0.4029948987987495,85.26,85.26,85.26,85.26,2024-08-13,0.565410564423235,95.5,98.5,93.18,95.13,2024-08-29,0.7951291755800558,113.0,114.48,106.6,109.09,2024-09-30,1.073556030936317,124.21,130.0,120.54,126.01,2024-10-28,1.1382260984038175,132.07,133.48,127.22,129.94,2024-11-27,1.2275793977291425,135.37,135.37,135.37,135.37,2025-01-27,1.3268059897975975,143.0,144.7,141.4,141.4,2025-04-28,1.263946025999671,140.38,140.38,135.5,137.58,2025-07-30,16,9,False
NEULANDLAB,2024-06-13,6399.0,6650.0,6221.0,6586.8,52.434638085724615,51.02178531537796,25.11445832869976,30.02542875508001,1.6033430497358352,-0.014870650391692442,1.6033430497358352,173.0,,-0.0052605210420842985,6500.6,6625.05,6443.55,6552.15,2024-06-20,0.14344598287484045,7375.0,7639.95,7215.0,7531.65,2024-06-27,0.25896489949596146,8012.0,8398.8,8012.0,8292.55,2024-07-15,0.7670264771968178,11599.45,11749.0,11500.0,11639.05,2024-08-12,0.9137821096738934,12484.4,12859.2,12450.0,12605.7,2024-09-11,1.1630609704256996,12500.0,14489.9,12343.05,14247.65,2024-10-11,1.5552164935932473,17051.55,17051.55,16587.5,16830.7,2024-12-10,0.7310150604238781,11998.85,12595.1,11301.1,11401.85,2025-03-10,1.0029452845084106,13289.0,13449.0,13045.0,13193.0,2025-06-13,7,9,False
LUPIN,2023-03-27,644.0,673.75,641.75,658.75,40.96214033134363,38.68761890187119,21.628761477411256,27.879345642214034,1.5483870967741935,-0.021783681214421313,1.4514611005692601,365.0,,-0.010550284629981088,649.15,654.5,644.0,651.8,2023-04-03,0.007514231499051283,664.0,667.0,661.0,663.7,2023-04-10,0.07430740037950678,705.5,709.8,699.5,707.7,2023-04-26,0.18398481973434544,778.85,783.6,773.2,779.95,2023-05-26,0.3267552182163187,858.05,875.0,852.35,874.0,2023-06-26,0.4233017077798862,937.95,944.15,931.5,937.6,2023-07-25,0.6858444022770398,1099.0,1115.0,1093.85,1110.55,2023-09-25,0.9204554079696394,1260.55,1285.0,1252.55,1265.1,2023-12-22,1.4514611005692601,1611.45,1629.95,1592.0,1614.9,2024-03-26,3,9,False
DBREALTY,2023-07-10,68.24,70.02,67.63,68.5,49.106419866270045,47.060025971133115,21.12967616112157,12.89867723857911,1.5284671532846712,-0.09240875912408753,1.5284671532846712,129.0,,-0.06583941605839416,66.59,67.29,63.25,63.99,2023-07-17,-0.04875912408759131,65.9,66.51,65.03,65.16,2023-07-24,0.24496350364963515,83.59,86.93,82.89,85.28,2023-08-09,1.0221897810218978,141.21,143.07,135.27,138.52,2023-09-08,1.0164963503649633,143.07,143.07,137.35,138.13,2023-10-09,1.3246715328467156,158.07,167.35,156.08,159.24,2023-11-07,1.4867153284671533,172.07,177.67,168.69,170.34,2024-01-08,1.9062773722627737,186.42,201.12,183.3,199.08,2024-04-05,1.7632116788321168,194.58,195.34,188.2,189.28,2024-07-09,14,9,False
GRWRHITECH,2023-03-31,530.0,544.95,524.0,526.25,26.652614351678025,26.041334823804632,43.49389627873075,34.80025330136472,1.5265558194774345,0.0,1.5265558194774345,158.0,,0.019667458432303997,546.6,549.8,530.1,536.6,2023-04-10,0.0439904988123514,557.45,564.8,540.85,549.4,2023-04-17,0.07192399049881248,556.7,571.0,555.05,564.1,2023-05-02,0.2688836104513064,678.0,679.75,656.1,667.75,2023-05-30,0.6766745843230404,880.0,904.0,874.5,882.35,2023-06-30,0.9082185273159147,970.0,1019.7,944.1,1004.2,2023-07-31,1.4841805225653206,1310.0,1348.7,1287.9,1307.3,2023-09-27,1.7153444180522568,1374.35,1454.8,1314.8,1428.95,2023-12-26,2.4555819477434677,1755.0,1824.4,1755.0,1818.5,2024-04-01,11,9,False
BSOFT,2023-04-05,267.4,268.7,263.3,267.45,40.06552744780608,38.34299195264146,37.86777295584928,28.935255366860403,1.5094410170125259,-0.03907272387362115,1.5094410170125259,252.0,,0.008786689100766631,266.2,270.75,265.5,269.8,2023-04-12,-0.03495980557113465,264.3,264.65,257.2,258.1,2023-04-19,0.05309403626846132,287.0,288.65,280.55,281.65,2023-05-05,0.29538231445129925,351.3,354.0,344.75,346.45,2023-06-05,0.3234249392409796,354.25,357.3,350.3,353.95,2023-07-04,0.6219854178351094,422.1,434.75,420.3,433.8,2023-08-03,0.8577304169003555,482.0,502.5,480.0,496.85,2023-10-03,1.6260983361375958,719.0,722.7,700.3,702.35,2024-01-01,1.913815666479716,789.9,789.9,769.05,779.3,2024-04-04,11,9,False
JKTYRE,2023-06-15,189.65,193.0,189.6,190.1,58.60605177498124,58.19852145947717,22.922503699923475,28.814225164673562,1.4752761704366124,-0.0031562335612834724,1.4752761704366124,219.0,,0.02893214097843244,197.3,199.5,194.05,195.6,2023-06-22,0.24539715938979478,208.35,242.9,208.05,236.75,2023-06-30,0.30168332456601776,251.2,254.0,246.95,247.45,2023-07-17,0.39637033140452393,269.0,269.0,257.05,265.45,2023-08-14,0.33271962125197274,249.0,256.35,246.0,253.35,2023-09-13,0.6291425565491846,305.3,317.7,305.05,309.7,2023-10-13,0.8143082588111519,347.7,355.4,342.0,344.9,2023-12-12,1.498421883219358,499.05,499.1,438.8,474.95,2024-03-11,1.0975802209363494,401.5,403.9,398.25,398.75,2024-06-14,10,9,False
BSE,2024-07-29,822.09,824.31,807.99,813.41,47.937801641683315,45.10874148689765,35.05460065039046,32.86922001004246,1.458243690143962,-0.050368202997258305,0.9076111677997567,238.0,,-0.02157583506472749,814.66,829.53,779.99,795.86,2024-08-05,0.053847383238465385,866.66,881.66,855.32,857.21,2024-08-12,0.1394868516492298,921.66,945.12,913.82,926.87,2024-08-28,0.49408047602070293,1253.32,1257.19,1208.32,1215.3,2024-09-27,0.7068759911975513,1373.32,1415.99,1362.35,1388.39,2024-10-28,0.8158370317552035,1532.65,1552.98,1463.99,1477.02,2024-11-26,1.2297488351507853,1902.98,1921.08,1790.32,1813.7,2025-01-27,1.5831376550571057,2174.98,2198.31,2057.48,2101.15,2025-04-25,2.0576216176344033,2450.0,2500.0,2438.0,2487.1,2025-07-29,2,9,False
INOXWIND,2023-04-06,24.75,25.26,24.66,24.95,42.89969025018789,40.776871111164944,34.72944791447097,23.160789188676077,1.4525050100200398,-0.05130260521042074,1.4525050100200398,220.0,,-0.04248496993987971,24.0,24.19,23.55,23.89,2023-04-13,-0.022044088176352727,24.38,24.52,23.87,24.4,2023-04-20,0.1398797595190382,28.84,29.67,28.23,28.44,2023-05-08,0.36392785571142294,36.4,37.27,33.27,34.03,2023-06-05,0.6521042084168336,40.55,41.75,39.9,41.22,2023-07-05,1.1078156312625254,53.23,53.49,51.28,52.59,2023-08-04,0.898997995991984,47.29,48.18,47.19,47.38,2023-10-03,4.179158316633266,124.2,132.08,124.2,129.22,2024-01-01,4.228056112224449,134.31,135.44,129.18,130.44,2024-04-05,8,9,False
DIACABS,2026-04-02,122.99,126.15,120.53,125.41,43.58237059343915,42.82686012106535,19.438628977667545,17.018001222173332,1.4493262100310984,0.0,1.4493262100310984,116.0,,0.05908619727294462,135.44,136.38,132.13,132.82,2026-04-09,0.18236185312176056,144.0,149.78,140.0,148.28,2026-04-16,0.323817877362252,158.05,168.34,158.05,166.02,2026-05-04,0.4591340403476598,195.0,196.75,180.87,182.99,2026-06-01,0.6643808308747308,211.0,212.0,207.17,208.73,2026-07-01,1.5832868192329164,331.98,337.5,312.74,323.97,2026-07-31,,,,,,,,,,,,,,,,,,,12,9,False
V2RETAIL,2023-10-25,18.28,19.02,18.28,19.02,73.89709643579356,73.82386682553954,44.31330648710956,64.39687362711753,1.4474237644584647,-0.019978969505783373,1.4474237644584647,160.0,,0.06046267087276558,20.17,20.17,20.17,20.17,2023-11-01,0.16982124079915883,22.25,22.25,22.25,22.25,2023-11-08,0.20977917981072558,22.68,23.01,22.6,23.01,2023-11-24,0.5262881177707677,29.03,29.03,27.87,29.03,2023-12-26,0.68664563617245,33.7,33.7,31.51,32.08,2024-01-23,0.9342797055730809,38.27,38.4,36.38,36.79,2024-02-22,1.7066246056782335,49.51,51.6,49.1,51.48,2024-04-22,2.963196635120925,76.5,78.19,75.0,75.38,2024-07-22,5.79863301787592,128.7,132.0,127.03,129.31,2024-10-24,13,9,False
GANESHHOU,2023-12-28,387.95,394.6,383.0,390.75,46.574585374445576,45.95406166946222,27.536535263293604,20.856483946304387,1.4267434420985285,0.0,1.4267434420985285,162.0,,0.08893154190658992,419.95,434.0,417.1,425.5,2024-01-04,0.14126679462571978,456.95,461.0,441.8,445.95,2024-01-11,0.9543186180422265,750.95,794.9,741.2,763.65,2024-01-29,1.1424184261036467,774.0,837.15,771.0,837.15,2024-02-26,0.927703134996801,750.0,774.7,739.7,753.25,2024-03-27,1.0371081253998722,789.15,801.45,785.15,796.0,2024-04-26,1.4830454254638514,976.95,1020.05,960.4,970.25,2024-06-25,1.2431222008957135,856.75,912.8,856.75,876.5,2024-09-23,1.982085732565579,1157.0,1184.85,1150.0,1165.25,2024-12-27,14,9,False
WELSPUNLIV,2023-02-07,70.85,71.35,69.0,69.75,39.55033543673664,38.6432190840953,39.369989110706896,29.22320166980053,1.4200716845878136,-0.09964157706093191,1.1534050179211466,365.0,,0.0028673835125447855,70.75,70.9,69.5,69.95,2023-02-14,0.014336917562723928,69.95,71.25,69.95,70.75,2023-02-21,-0.02007168458781372,69.95,70.4,68.2,68.35,2023-03-09,0.06953405017921144,73.7,75.0,73.0,74.6,2023-04-10,0.374910394265233,94.0,96.35,92.65,95.9,2023-05-08,0.40215053763440856,98.8,99.05,97.2,97.8,2023-06-07,0.6437275985663082,116.7,117.0,114.0,114.65,2023-08-07,1.1225806451612903,149.95,153.25,147.1,148.05,2023-11-06,1.1534050179211466,153.55,155.65,149.35,150.2,2024-02-07,10,9,False
APOLLO,2022-08-30,15.340000000000002,15.64,14.975000000000001,15.030000000000001,59.490082419802626,56.45185071163659,29.121959349137203,19.37417149782583,1.415169660678643,-0.014304723885562254,1.004657351962741,223.0,,0.048902195608782284,15.830000000000002,16.35,15.51,15.765,2022-09-06,0.049567531603459614,16.325,16.405,15.700000000000001,15.775,2022-09-13,0.19128409846972727,16.185,18.3,16.0,17.905,2022-09-29,0.4145043246839655,21.700000000000003,22.240000000000002,20.925,21.26,2022-10-31,0.7275449101796405,25.0,25.965,24.735,25.965,2022-11-28,0.7747837658017298,25.405,26.675,25.335,26.675,2022-12-28,0.9630738522954092,30.900000000000002,30.900000000000002,29.37,29.505000000000003,2023-02-27,1.345309381237525,35.35,36.0,34.6,35.25,2023-05-29,2.659347970725216,54.5,56.5,54.35,55.0,2023-08-30,11,9,False
LUMAXTECH,2025-05-05,518.0,546.9,518.0,540.75,47.280967684760896,46.39207694495954,15.141820359323578,22.291974528252013,1.4012944983818771,-0.025982431807674455,1.4012944983818771,144.0,,0.06694405917706892,576.95,588.0,572.55,576.95,2025-05-12,0.19953767914932952,628.0,675.0,625.5,648.65,2025-05-19,0.8326398520573277,926.0,999.9,915.55,991.0,2025-06-04,1.130374479889043,1154.5,1164.1,1143.1,1152.0,2025-07-04,1.1229773462783172,1080.0,1151.0,1080.0,1148.0,2025-08-04,1.0828478964401294,1246.1,1250.5,1116.9,1126.3,2025-09-02,1.1383263985205732,1138.0,1162.0,1131.3,1156.3,2025-11-03,1.4930189551548771,1315.0,1367.2,1302.0,1348.1,2026-01-30,1.8880258899676376,1568.3,1594.5,1553.3,1561.7,2026-05-05,11,9,False
EMUDHRA,2023-03-24,225.0,227.0,220.2,220.9,25.972824497626885,25.648263988678757,49.060473643836126,40.22793306300174,1.3922589406971482,-0.04753282028066996,1.11090991398823,231.0,,-0.02738795835219565,219.7,222.95,210.0,214.85,2023-03-31,0.10479855138071525,243.45,245.8,240.0,244.05,2023-04-10,0.21321865097329096,269.6,273.9,266.05,268.0,2023-04-24,0.8379357175192395,408.05,419.6,378.0,406.0,2023-05-23,0.8390674513354459,409.0,418.0,403.6,406.25,2023-06-22,1.2677682209144407,485.4,510.9,477.05,500.95,2023-07-24,1.1530104119511093,498.0,516.65,462.6,475.6,2023-09-20,0.9913988229968309,437.0,440.95,437.0,439.9,2023-12-19,2.3506111362607514,792.0,812.95,730.1,740.15,2024-03-26,16,9,False
IIFLCAPS,2023-08-17,70.55,74.0,69.55,73.75,63.108710538595076,59.26583496763389,27.991520220179027,26.83431505692053,1.3898305084745761,-0.021016949152542375,0.7891525423728811,229.0,,-0.010847457627118584,73.9,75.5,72.5,72.95,2023-08-24,0.09016949152542386,79.0,81.8,78.8,80.4,2023-08-31,0.07661016949152555,80.0,81.35,78.3,79.4,2023-09-18,0.26033898305084757,90.85,93.7,89.5,92.95,2023-10-16,0.6101694915254237,119.0,121.0,117.4,118.75,2023-11-15,0.8067796610169491,123.05,134.6,122.4,133.25,2023-12-15,1.022372881355932,144.9,156.2,142.8,149.15,2024-02-13,0.9410169491525424,145.0,145.55,139.0,143.15,2024-05-13,1.8684745762711867,210.0,216.4,209.02,211.55,2024-08-16,11,9,False
TIPSMUSIC,2023-05-05,150.95,169.95,150.95,163.05,46.45690517775009,45.904498189155426,35.3354386560407,23.11501072650095,1.3676786261882858,0.0,1.3676786261882858,199.0,,0.015946028825513547,165.3,166.9,163.1,165.65,2023-05-12,0.014719411223550916,169.0,169.0,164.1,165.45,2023-05-19,0.27445568843912915,203.1,209.65,202.0,207.8,2023-06-05,0.6366145354185833,276.0,277.0,257.2,266.85,2023-07-04,0.7657160380251453,287.1,294.55,283.55,287.9,2023-08-03,1.05213124808341,333.6,344.3,324.25,334.6,2023-09-04,1.1309414290095061,355.0,358.0,345.05,347.45,2023-11-01,1.6593069610548912,434.9,438.4,422.4,433.6,2024-01-30,1.6252683226004292,443.7,444.65,420.35,428.05,2024-05-06,13,9,False
AUROPHARMA,2023-02-06,404.0,418.65,403.85,415.0,30.18995592049535,29.22349331037877,36.94238637626823,38.81275342731161,1.3607228915662652,0.0,1.3607228915662652,277.0,,0.1389156626506023,469.95,476.5,465.0,472.65,2023-02-13,0.1202409638554216,471.0,473.75,464.1,464.9,2023-02-20,0.11337349397590368,463.1,471.55,458.6,462.05,2023-03-08,0.30301204819277117,536.0,542.55,533.0,540.75,2023-04-10,0.4914457831325303,599.15,620.0,596.2,618.95,2023-05-08,0.6000000000000001,662.0,665.75,653.05,664.0,2023-06-06,1.092168674698795,847.05,874.3,839.05,868.25,2023-08-07,1.0585542168674698,861.05,864.6,850.1,854.3,2023-11-03,1.4443373493975904,1026.5,1048.9,1005.25,1014.4,2024-02-06,3,9,False
CEMPRO,2023-03-31,104.45,106.0,103.7,104.35,44.66859973657105,43.28938433329975,21.591960149522375,28.902498439769793,1.3569717297556303,0.0,1.1993291806420703,224.0,,0.0627695256348828,111.75,112.0,110.0,110.9,2023-04-10,0.05606133205558228,111.35,111.35,108.5,110.2,2023-04-17,0.18878773358888368,123.65,125.3,122.35,124.05,2023-05-02,0.48107331097268835,147.8,155.35,147.15,154.55,2023-05-30,0.5639674173454718,165.0,168.65,162.05,163.2,2023-06-30,0.7747963584091997,185.0,188.0,184.35,185.2,2023-07-31,1.1135601341638717,216.4,222.9,214.1,220.55,2023-09-27,1.6875898418782942,281.4,283.4,278.55,280.45,2023-12-26,2.178246286535697,336.4,342.1,325.3,331.65,2024-04-01,10,9,False
AGI,2023-04-13,363.65,379.7,353.0,376.1,57.814823314506214,55.544335300747285,30.506716060397558,26.55869572853423,1.3522999202339805,0.0,1.3522999202339805,162.0,,0.05304440308428604,391.0,408.0,391.0,396.05,2023-04-20,0.0640787024727465,400.0,403.9,395.95,400.2,2023-04-27,0.465301781441106,568.0,571.0,546.5,551.1,2023-05-15,0.5276522201542142,574.0,584.8,571.0,574.55,2023-06-12,0.6496942302579101,614.0,630.0,612.05,620.45,2023-07-12,0.7244084020207389,643.3,655.0,640.05,648.55,2023-08-11,1.4504121244349908,914.95,929.85,909.7,921.6,2023-10-10,1.3299654347248069,906.0,908.0,867.9,876.3,2024-01-08,1.166179207657538,830.05,832.95,810.0,814.7,2024-04-12,16,9,False
BECTORFOOD,2023-02-14,107.38,108.19,105.97,107.07,72.24259988434349,71.72276275068886,49.399036277440324,42.63287259718534,1.3460353040067248,-0.06463061548519644,1.3460353040067248,271.0,,-0.04856635845708401,104.88,105.97,101.11,101.87,2023-02-21,-0.06463061548519644,102.06,103.59,99.6,100.15,2023-02-28,-0.016157653871299082,107.29,107.6,104.29,105.34,2023-03-16,0.09844027271878208,114.5,118.6,112.5,117.61,2023-04-17,0.18884841692350807,125.22,129.36,124.23,127.29,2023-05-15,0.5098533669561969,162.13,163.74,160.6,161.66,2023-06-14,1.0583730269916876,219.0,226.99,201.2,220.39,2023-08-14,1.3460353040067248,257.99,257.99,248.02,251.19,2023-11-12,0.9237881759596527,197.8,209.0,195.15,205.98,2024-02-14,14,9,False
PCBL,2024-06-11,245.8,248.8,241.69,246.53,42.03529687131687,41.445752965684186,35.241392629795165,29.4284666504389,1.342919725794021,-0.010221879690098579,0.749685636636515,170.0,,0.024297245771305764,253.0,255.05,249.1,252.52,2024-06-18,0.09747292418772568,276.0,278.7,270.0,270.56,2024-06-25,0.1106153409321382,274.4,279.7,272.55,273.8,2024-07-11,0.5689774064008437,393.0,394.75,382.95,386.8,2024-08-12,0.9318135723846996,476.75,486.4,460.0,476.25,2024-09-09,1.057356102705553,504.0,524.0,502.4,507.2,2024-10-09,0.9429684014115929,470.55,483.7,462.8,479.0,2024-12-09,0.5572141321543016,392.95,397.5,378.75,383.9,2025-03-10,0.6659230113982071,409.3,413.4,404.3,410.7,2025-06-11,10,9,False
DBREALTY,2022-08-25,47.52,49.68,46.78,49.68,41.56523135349773,40.2780861988973,19.682779821828284,26.700818087310623,1.3055555555555558,0.0,0.6127214170692432,145.0,,0.21477455716586147,60.35,60.35,60.35,60.35,2022-09-01,0.5481078904991947,76.91,76.91,74.66,76.91,2022-09-08,1.0813204508856682,103.4,103.4,103.4,103.4,2022-09-26,0.7497987117552336,86.71,90.18,85.89,86.93,2022-10-24,0.6702898550724639,84.37,85.1,82.07,82.98,2022-11-23,0.517512077294686,76.04,77.13,75.39,75.39,2022-12-23,0.10044283413848643,56.66,57.23,54.67,54.67,2023-02-21,0.41103059581320434,69.8,72.4,69.02,70.1,2023-05-22,1.7620772946859904,136.13,141.16,128.5,137.22,2023-08-25,14,9,False
ANUP,2023-04-17,520.0,547.95,520.0,534.95,55.89939429082074,54.448615017678456,40.86365990693618,37.001837220170714,1.2986821198242824,0.0,1.2986821198242824,196.0,,0.028320403776053826,546.0,565.03,545.0,550.1,2023-04-24,0.04841573978876523,573.08,575.0,557.5,560.85,2023-05-02,0.21347789513038595,629.5,688.3,598.98,649.15,2023-05-17,0.5247219366295914,813.03,821.35,802.53,815.65,2023-06-16,0.7715674362089915,935.0,953.63,934.23,947.7,2023-07-17,1.0070660809421441,1069.98,1082.0,1056.03,1073.68,2023-08-16,0.9919244789232635,1035.5,1101.93,1035.5,1065.58,2023-10-16,1.6704364893915318,1478.58,1486.98,1425.0,1428.55,2024-01-12,2.1181979624263945,1668.98,1692.5,1655.5,1668.08,2024-04-16,16,9,False
NMDC,2023-07-03,35.33,35.9,35.23,35.83,40.2318182073783,37.073124329401736,24.906285498303937,30.99426247422236,1.2975160480044656,-0.005581914596706539,1.0848451018699414,280.0,,0.002790957298353325,35.72,36.23,35.47,35.93,2023-07-10,0.05581914596706672,38.0,38.22,37.75,37.83,2023-07-17,0.058331007535584734,38.97,39.0,37.4,37.92,2023-08-02,0.21406642478370097,41.02,43.63,40.87,43.5,2023-09-01,0.37733742673737103,49.87,49.98,49.08,49.35,2023-10-03,0.4345520513536143,52.33,52.55,51.2,51.4,2023-10-31,0.9670667038794309,70.3,71.63,69.75,70.48,2024-01-01,0.9779514373430089,68.27,71.07,67.77,70.87,2024-04-01,1.2732347195087916,83.87,84.05,80.8,81.45,2024-07-02,3,9,False
EDELWEISS,2023-04-06,28.42,29.37,28.26,28.79,39.048809346157,37.13186247144715,33.85778672553859,25.541764594666873,1.290725946509205,-0.010072941993747753,1.290725946509205,181.0,,0.032997568600208416,29.1,31.05,29.08,29.74,2023-04-13,0.051059395623480386,29.82,30.74,29.58,30.26,2023-04-20,0.1809656130600903,34.74,35.16,33.76,34.0,2023-05-08,0.3390065995137199,38.55,38.55,38.55,38.55,2023-06-05,0.7054532823897188,50.0,50.75,48.95,49.1,2023-07-05,0.5647794373046195,46.8,47.75,44.55,45.05,2023-08-04,1.188259812434873,61.25,63.45,59.55,63.0,2023-10-03,1.7249044807224734,77.95,79.4,77.7,78.45,2024-01-01,1.5078152136158391,73.3,73.3,71.7,72.2,2024-04-05,11,9,False
STLTECH,2025-03-07,57.58,60.87,57.06,60.18,22.063084849664897,18.788233672158086,56.1622721845421,44.87978116350145,1.2861415752741778,-0.12612163509471574,0.6575274177467598,287.0,,-0.08491193087404447,56.42,56.7,54.39,55.07,2025-03-17,0.012462612163509412,60.85,62.73,60.5,60.93,2025-03-21,-0.11980724493187112,54.1,54.18,50.66,52.97,2025-04-07,0.047357926221335944,62.8,65.0,61.0,63.03,2025-05-06,0.24925224327018958,73.15,77.0,73.15,75.18,2025-06-05,0.8531073446327684,115.8,117.25,110.71,111.52,2025-07-07,0.8127284812229978,108.49,111.13,107.23,109.09,2025-09-03,0.7259887005649719,105.28,105.8,103.5,103.87,2025-12-02,1.8953140578265204,176.0,179.24,165.0,174.24,2026-03-09,9,9,False
TANLA,2023-04-03,527.4,563.9,527.3,557.65,27.53302882488545,26.331304972168738,56.22445443659501,31.3002873118597,1.2855733883260108,0.0,0.9799157177441047,191.0,,0.015152873666278266,581.2,582.0,561.1,566.1,2023-04-10,0.1957320900206223,626.9,682.45,625.4,666.8,2023-04-17,0.21563704832780428,684.8,684.8,670.55,677.9,2023-05-03,0.38958127857975433,780.0,788.15,770.0,774.9,2023-06-02,0.8274006993634,1022.85,1035.4,1001.05,1019.05,2023-07-03,1.1395140320989867,1197.7,1219.0,1180.0,1193.1,2023-08-01,0.876804447233928,1037.7,1054.9,1032.0,1046.6,2023-10-03,0.9629696045906933,1100.0,1103.0,1085.05,1094.65,2023-12-29,0.6745270330852686,845.7,949.0,842.0,933.8,2024-04-02,14,9,False
RTNPOWER,2024-04-23,9.0,9.0,8.8,8.8,47.09212399166267,46.66400637457769,22.574631447801625,31.196194040357902,1.2840909090909092,-0.005681818181818232,0.8249999999999997,161.0,,0.04545454545454519,9.55,9.65,9.15,9.2,2024-04-30,0.18181818181818166,10.3,10.4,10.25,10.4,2024-05-07,0.6363636363636362,14.4,14.4,14.4,14.4,2024-05-23,1.046590909090909,18.49,18.49,17.75,18.01,2024-06-24,0.7534090909090907,14.97,15.83,14.64,15.43,2024-07-22,0.8500000000000001,15.65,16.28,15.58,16.28,2024-08-21,0.7318181818181817,15.4,15.64,15.06,15.24,2024-10-21,0.45227272727272716,12.1,13.05,11.94,12.78,2025-01-20,0.28749999999999987,11.89,11.94,11.1,11.33,2025-04-23,15,9,False
GVT&D,2025-04-15,1371.7,1404.9,1345.6,1391.0,37.90456623672898,35.864828009619636,36.76041775314008,34.52715941433783,1.2797987059669302,0.0,1.2270309130122214,251.0,,0.07994248741912302,1500.0,1520.0,1480.7,1502.2,2025-04-22,0.12020129403306967,1549.0,1572.0,1534.2,1558.2,2025-04-29,0.3241552839683681,1775.0,1854.0,1730.2,1841.9,2025-05-15,0.6526240115025164,2344.4,2344.4,2241.8,2298.8,2025-06-16,0.6435657800143779,2324.0,2324.8,2265.0,2286.2,2025-07-14,1.096980589503954,2825.0,2939.4,2823.1,2916.9,2025-08-13,1.1772106398274622,3027.4,3067.0,3011.5,3028.5,2025-10-13,0.954133716750539,2890.1,2901.0,2704.0,2718.2,2026-01-12,1.9723220704529116,4192.6,4212.9,4096.0,4134.5,2026-04-15,3,9,False
ANANTRAJ,2023-06-05,156.65,160.5,155.5,158.3,71.84983878084888,70.0806030669321,38.364213555907234,38.93240957432125,1.262476310802274,0.0,1.1699305116866707,309.0,,0.061907770056853995,164.0,169.5,163.4,168.1,2023-06-12,0.06885660138976601,168.35,170.95,168.1,169.2,2023-06-19,0.14150347441566624,177.1,182.5,177.1,180.7,2023-07-05,0.23025900189513582,195.9,197.9,194.0,194.75,2023-08-04,0.40587492103600753,223.85,226.9,218.55,222.55,2023-09-04,0.40113708149084015,219.6,224.0,216.0,221.8,2023-10-03,0.6939355653821855,269.5,271.4,262.9,268.15,2023-12-04,1.2403663929248259,358.0,364.8,351.15,354.65,2024-03-01,1.1165508528111179,396.9,396.9,319.15,335.05,2024-06-04,8,9,False
HINDPETRO,2023-11-02,169.13,172.33,168.27,170.13,46.896878575053506,44.81167639685482,19.156687118329092,17.378106230114632,1.2532181273144065,0.0,0.9244107447246224,176.0,,0.17145712102509858,200.1,203.2,198.07,199.3,2023-11-09,0.2549227061658732,210.0,217.87,208.9,213.5,2023-11-16,0.4753423852348204,236.67,252.97,236.67,251.0,2023-12-04,0.5658614001058013,270.67,271.0,265.4,266.4,2024-01-01,0.8152589196496796,316.27,318.37,306.73,308.83,2024-01-31,1.0265091400693587,344.0,350.67,343.54,344.77,2024-03-01,0.9412801974960323,340.27,343.7,327.17,330.27,2024-04-30,1.2397578322459295,386.0,389.3,378.8,381.05,2024-07-29,1.2394639393405043,380.9,383.3,380.0,381.0,2024-11-01,3,9,False
RKFORGE,2023-04-20,309.1,325.0,308.0,324.05,67.61597330030087,67.54179000623435,36.74433152550107,30.374227187530032,1.2490356426477391,-0.021293010337910867,1.1723499459959883,204.0,,0.0081777503471685,317.35,328.6,317.2,326.7,2023-04-27,0.037185619503163236,333.45,340.0,331.4,336.1,2023-05-04,0.10260762228051235,371.15,373.95,355.2,357.3,2023-05-22,0.33312760376485095,429.35,439.5,425.4,432.0,2023-06-19,0.5318623669186853,491.6,498.9,481.35,496.4,2023-07-19,0.8626755130381114,616.5,620.2,598.35,603.6,2023-08-18,1.1030705138095973,664.0,685.0,661.5,681.5,2023-10-17,1.4067273568893688,784.0,789.55,769.0,779.9,2024-01-15,1.384045671964203,730.05,790.0,717.5,772.55,2024-04-19,11,9,False
LLOYDSENGG,2026-03-27,41.82,41.82,38.5,39.04,34.143481499565624,34.07091588915339,29.649992052357096,30.87174632837465,1.246157786885246,-0.033555327868852514,1.2243852459016393,84.0,,0.12909836065573765,42.1,44.3,40.75,44.08,2026-04-06,0.2776639344262295,49.26,51.43,49.11,49.88,2026-04-10,0.5099897540983607,57.82,59.68,57.62,58.95,2026-04-27,0.9725922131147542,75.8,78.0,75.33,77.01,2026-05-26,1.1749487704918034,86.25,87.23,84.31,84.91,2026-06-25,1.3393954918032787,89.05,92.0,89.05,91.33,2026-07-27,,,,,,,,,,,,,,,,,,,13,9,False
KALYANKJIL,2022-06-27,58.95,59.5,58.0,58.45,42.39060051497114,41.545419157198445,30.568804968861333,13.725512694302854,1.243798118049615,0.0,0.7972626176218989,310.0,,0.04704875962360999,61.0,62.15,60.25,61.2,2022-07-04,0.09067579127459369,62.95,64.25,62.35,63.75,2022-07-11,0.12403763900769893,64.05,66.25,64.05,65.7,2022-07-27,0.3601368691189051,82.0,82.4,78.55,79.5,2022-08-26,0.5269461077844311,92.7,93.0,85.8,89.25,2022-09-26,0.7125748502994009,103.65,103.8,99.55,100.1,2022-10-25,1.0829769033361845,108.0,124.35,106.9,121.75,2022-12-26,0.9948674080410604,118.25,119.65,115.35,116.6,2023-03-24,1.320786997433704,130.85,136.95,130.0,135.65,2023-06-27,5,9,False
DATAMATICS,2023-04-10,297.0,304.9,294.05,296.9,47.80379732522609,45.01515421358,30.031695422289765,18.68221141792449,1.242842707982486,-0.010946446615021865,1.0409228696530821,149.0,,-0.008588750421017033,300.0,300.0,292.95,294.35,2023-04-17,-0.0023576961940047214,293.65,297.45,292.25,296.2,2023-04-24,0.5631525766251264,467.0,478.55,451.05,464.1,2023-05-10,0.8263725159986528,547.4,554.1,535.25,542.25,2023-06-09,1.0028629168070058,620.85,620.9,588.1,594.65,2023-07-10,0.8206466823846412,550.85,564.75,536.05,540.55,2023-08-08,0.9755810037049513,584.0,604.0,573.2,586.55,2023-10-09,1.4808016167059614,742.0,742.0,728.0,736.55,2024-01-05,1.0816773324351634,615.8,627.55,607.75,618.05,2024-04-09,15,9,False
TECHNOE,2024-03-28,741.05,783.35,731.2,771.75,53.90590049506949,51.3885771529162,31.021798768122324,34.988289396110815,1.242695173307418,0.0,1.2281179138321994,197.0,,0.0451571104632329,826.0,826.5,802.25,806.6,2024-04-04,0.060835762876579214,827.35,844.95,808.5,818.7,2024-04-12,0.3204405571752509,988.0,1067.55,988.0,1019.05,2024-04-29,0.36099773242630384,1177.35,1177.35,1000.55,1050.35,2024-05-27,0.9966958211856172,1588.0,1590.0,1520.0,1540.95,2024-06-26,1.187301587301587,1700.1,1722.0,1660.0,1688.05,2024-07-26,1.0443796566245545,1543.95,1609.0,1539.0,1577.75,2024-09-24,1.119339164237123,1675.0,1710.0,1605.65,1635.6,2024-12-23,0.2999028182701653,1020.0,1048.1,1000.0,1003.2,2025-03-28,10,9,False
SCHNEIDER,2023-04-03,157.2,163.5,155.9,162.7,45.73970322728353,42.47113054017057,31.40339098700109,23.689787430589845,1.2375537799631227,-0.004609711124769489,1.0934234787953292,248.0,,0.0012292562999387524,165.5,166.25,162.5,162.9,2023-04-10,0.02581438229870936,162.9,170.4,161.55,166.9,2023-04-17,0.12138905961893065,181.5,187.5,180.0,182.45,2023-05-03,0.5473263675476339,253.7,258.95,250.4,251.75,2023-06-02,0.6075599262446223,262.0,266.9,259.1,261.55,2023-07-03,0.7443146896127844,284.0,288.5,282.0,283.8,2023-08-01,1.2249539028887524,364.0,366.9,359.8,362.0,2023-10-03,1.5150583896742473,407.45,411.5,400.0,409.2,2023-12-29,4.0215119852489245,817.0,817.0,790.5,817.0,2024-04-02,7,9,False
ORCHPHARMA,2023-11-02,491.4,503.85,484.0,489.8,44.96678014497013,44.50506146995537,30.624358505334357,32.99816165674545,1.2302980808493262,0.0,1.2302980808493262,103.0,,0.10647202939975497,542.6,547.4,531.05,541.95,2023-11-09,0.09452837893017563,540.0,551.0,532.5,536.1,2023-11-16,0.18231931400571666,600.15,600.95,576.0,579.1,2023-12-04,0.48856676194365045,712.5,733.45,709.9,729.1,2024-01-01,0.7249897917517354,915.0,948.7,836.0,844.9,2024-01-31,1.398938342180482,1195.35,1226.05,1168.85,1175.0,2024-03-01,1.2022253981216826,1095.5,1100.0,1072.05,1078.65,2024-04-30,1.8031849734585546,1450.0,1451.45,1338.05,1373.0,2024-07-29,1.9506941608819925,1468.8,1468.8,1430.05,1445.25,2024-11-01,16,9,False
PURVA,2023-09-11,115.5,120.5,115.5,117.65,70.0357023236158,68.98394461898968,42.99095947880704,36.74179060393119,1.2209944751381214,-0.09689757756056105,0.9621759456013599,206.0,,-0.06162345941351466,109.95,114.4,109.1,110.4,2023-09-18,-0.05439864003399919,108.85,113.8,106.95,111.25,2023-09-25,0.1674458138546535,136.95,140.9,135.05,137.35,2023-10-11,0.2562685932851678,146.0,149.5,145.5,147.8,2023-11-10,0.692732681682958,189.85,202.0,185.95,199.15,2023-12-11,0.8767530811729707,205.95,229.0,205.95,220.8,2024-01-09,0.885252868678283,231.95,233.2,220.0,221.8,2024-03-11,2.5057373565660854,395.0,412.45,395.0,412.45,2024-06-07,2.7309817254568634,433.0,444.9,433.0,438.95,2024-09-10,15,9,False
V2RETAIL,2024-06-12,64.0,64.0,59.4,61.33,69.53866100291312,69.16839865333321,41.08019251062315,48.999498379570156,1.214576879178216,-0.005543779553236483,1.214576879178216,111.0,,0.06831893037665093,62.88,65.53,62.0,65.52,2024-06-19,0.18734713843143647,71.5,72.82,69.7,72.82,2024-06-26,0.2709929887493887,76.28,77.95,75.6,77.95,2024-07-12,0.5687265612261536,95.0,96.21,93.33,96.21,2024-08-12,0.7203652372411546,106.02,109.8,104.0,105.51,2024-09-10,1.3363769770096199,143.5,147.4,141.01,143.29,2024-10-10,1.2644708951573453,139.82,141.1,136.18,138.88,2024-12-09,1.7909669003750204,170.97,175.0,162.53,171.17,2025-03-10,1.9434208380890268,183.89,183.9,179.1,180.52,2025-06-12,13,9,False
IFCI,2023-09-04,16.1,17.55,16.05,17.4,68.3789922704664,68.06168388160538,55.34412340477914,55.602472540519024,1.2126436781609198,-0.08908045977011492,1.2126436781609198,138.0,,0.017241379310344973,17.4,17.95,17.15,17.7,2023-09-11,0.07183908045977017,16.8,19.2,16.55,18.65,2023-09-18,0.36494252873563227,24.0,25.1,23.25,23.75,2023-10-04,0.3563218390804599,22.65,23.85,22.4,23.6,2023-11-03,0.6379310344827587,25.6,28.85,25.2,28.5,2023-12-04,0.6522988505747127,29.05,29.35,28.25,28.75,2024-01-02,1.6293103448275863,45.85,46.8,45.4,45.75,2024-03-02,2.3390804597701154,58.3,59.2,55.9,58.1,2024-05-31,3.2413793103448274,72.99,75.75,72.5,73.8,2024-09-03,8,9,False
HEMIPROP,2023-08-01,108.0,114.9,108.0,113.8,63.4883957727179,60.99411500337618,34.851922367158764,41.33448224545484,1.211335676625659,-0.048330404217926226,0.6811950790861159,338.0,,-0.024165202108963113,113.2,113.35,110.7,111.05,2023-08-08,-0.0465729349736379,108.35,111.0,107.45,108.5,2023-08-16,0.03471001757469239,119.9,119.9,116.95,117.75,2023-08-31,0.013181019332161759,115.65,116.25,115.1,115.3,2023-10-03,0.22012302284710006,133.45,140.0,130.3,138.85,2023-10-30,0.20254833040421794,138.85,139.4,136.3,136.85,2023-11-29,0.5821616871704747,177.25,184.1,177.25,180.05,2024-01-29,0.8919156414762743,214.0,221.5,213.75,215.3,2024-04-29,0.9115992970123024,220.0,222.11,217.01,217.54,2024-07-31,16,9,False
BBOX,2026-04-09,503.0,503.0,485.5,488.0,45.54720334185415,44.48221368260258,19.976085131247864,16.421410960353025,1.209426229508197,0.0,0.5799180327868851,134.0,,0.08668032786885238,535.8,538.3,528.6,530.3,2026-04-16,0.12356557377049171,531.95,551.0,530.0,548.3,2026-04-23,0.6149590163934426,759.7,802.0,749.0,788.1,2026-05-11,1.0618852459016392,1049.0,1080.0,995.0,1006.2,2026-06-08,0.90922131147541,948.0,963.1,923.0,931.7,2026-07-08,0.5255122950819673,741.35,748.45,735.05,744.45,2026-08-07,,,,,,,,,,,,,,,,,,,10,9,False
CUPID,2023-11-02,6.3,7.07,6.24,6.89,85.64613643024822,85.27828723505928,80.54006625262338,69.03138758144759,1.2089985486211905,0.0,1.2089985486211905,69.0,,0.07837445573294621,7.1,7.85,6.9,7.43,2023-11-09,0.24092888243831667,8.8,8.89,8.35,8.55,2023-11-16,0.2525399129172716,8.43,8.75,8.25,8.63,2023-12-04,0.6952104499274312,11.74,11.76,10.64,11.68,2024-01-01,1.5558780841799709,17.5,18.0,17.45,17.61,2024-01-31,2.9666182873730045,27.0,28.0,26.7,27.33,2024-03-01,2.145137880986938,22.0,22.6,21.6,21.67,2024-04-30,1.67489114658926,18.43,18.43,18.43,18.43,2024-07-29,1.3962264150943398,16.26,16.76,16.2,16.51,2024-11-01,9,9,False
NAVA,2024-06-10,294.5,304.9,294.38,299.7,63.04732809028404,60.517231500947744,29.565993743793452,24.988377918967426,1.1958625291958627,0.0,0.7142142142142143,169.0,,0.16332999666332992,324.85,351.0,319.65,348.65,2024-06-18,0.25385385385385373,373.0,381.4,373.0,375.78,2024-06-24,0.2274941608274943,376.0,377.0,358.68,367.88,2024-07-10,0.530296963630297,480.0,499.5,450.15,458.63,2024-08-09,0.6438104771438105,489.98,494.93,480.03,492.65,2024-09-09,0.7200533867200534,495.0,516.45,482.5,515.5,2024-10-08,0.7413413413413414,520.0,535.0,505.03,521.88,2024-12-09,0.4662996329662996,440.05,448.0,431.85,439.45,2025-03-07,0.7400734067400734,533.0,533.0,518.3,521.5,2025-06-10,8,9,False
ACE,2023-02-07,348.0,364.95,337.1,361.55,61.610818290460685,60.174072724118545,24.90592494063825,24.246582904918498,1.1929193749135667,-0.04771124325819387,1.1257087539759367,265.0,,0.04577513483612239,373.1,383.0,370.2,378.1,2023-02-14,0.0319457889641821,373.95,383.35,368.65,373.1,2023-02-21,0.04397731987276998,383.4,388.95,375.3,377.45,2023-03-09,0.12308117826026832,419.0,423.0,398.3,406.05,2023-04-10,0.23910939012584698,447.5,451.6,445.3,448.0,2023-05-08,0.35956299267044667,493.0,500.3,490.15,491.55,2023-06-07,1.0218503664776657,724.3,736.95,705.1,731.0,2023-08-07,1.376849675010372,865.0,879.7,842.0,859.35,2023-11-06,2.089199280874015,1035.0,1170.0,1025.0,1116.9,2024-02-07,11,9,False
WEBELSOLAR,2026-03-12,56.5,57.3,54.05,55.96,29.185225011605123,28.615743934789396,39.38837667037988,59.995009411608024,1.1837026447462473,-0.0573624017155111,0.47873481057898504,162.0,,0.1147248034310222,60.4,64.8,59.71,62.38,2026-03-19,0.2646533238027162,73.0,75.49,69.75,70.77,2026-03-27,0.42280200142959257,76.81,81.58,75.01,79.62,2026-04-13,0.9781987133666905,113.6,114.35,110.16,110.7,2026-05-11,0.8507862759113651,104.0,107.0,103.3,103.57,2026-06-10,0.7843102215868476,101.0,101.84,98.07,99.85,2026-07-10,,,,,,,,,,,,,,,,,,,16,9,False
GODFRYPHLP,2024-02-19,849.22,906.59,843.56,893.59,64.4499900503383,63.57961929044823,44.041088594738234,32.19445250042505,1.1805302207947714,-0.016282635213017205,1.1805302207947714,183.0,,0.03947000302151982,920.57,937.22,920.57,928.86,2024-02-26,0.12656811289293746,996.66,1011.66,974.41,1006.69,2024-03-04,0.11114717040253352,1023.32,1037.27,988.19,992.91,2024-03-20,0.14097069125661643,992.66,1023.09,986.66,1019.56,2024-04-19,0.46719412706050867,1376.32,1376.32,1301.67,1311.07,2024-05-21,0.584026231269374,1379.99,1454.65,1357.39,1415.47,2024-06-18,0.9541176602244879,1511.82,1814.18,1506.65,1746.18,2024-08-19,1.2442171465660987,1988.33,2032.98,1971.51,2005.41,2024-11-18,1.552524088228382,2280.44,2580.57,2177.53,2280.91,2025-02-18,5,9,False
GMDCLTD,2023-08-23,196.0,224.7,195.8,221.05,69.13539975463694,65.36311656987172,35.6148201008928,41.88496938030086,1.1664781723591946,-0.034607554851843525,1.1664781723591946,139.0,,0.14069215109703692,248.85,261.4,247.05,252.15,2023-08-30,0.19837140918344254,257.95,269.2,256.0,264.9,2023-09-06,0.2085501017869258,274.4,274.4,265.45,267.15,2023-09-22,0.5960190002261931,393.25,396.0,343.0,352.8,2023-10-23,0.7762949558923318,393.95,404.25,391.4,392.65,2023-11-21,0.829676543768378,388.9,406.9,382.0,404.45,2023-12-21,0.8466410314408503,409.55,419.4,397.85,408.2,2024-02-19,0.9366659126894368,434.0,434.75,424.0,428.1,2024-05-21,0.6783533137299254,374.0,376.6,370.1,371.0,2024-08-22,7,9,False
JSWHL,2024-08-22,7000.0,7168.95,7000.0,7125.15,52.65949182457385,50.83642000857961,32.624864835944635,24.31944447142268,1.1662491315972296,-0.009733128425366444,1.1662491315972296,78.0,,0.011452390475990004,7208.0,7300.0,7150.0,7206.75,2024-08-29,0.06515652302056796,7588.0,7899.0,7516.55,7589.4,2024-09-05,0.1638281299341069,7975.0,8379.0,7974.95,8292.45,2024-09-23,0.5101927678715537,9489.0,11145.1,9489.0,10760.35,2024-10-21,1.3368560661880804,16660.0,17000.0,16650.45,16650.45,2024-11-21,1.0235995031683545,14900.0,14900.0,14300.0,14418.45,2024-12-20,1.110909945755528,14500.0,15299.9,14400.0,15040.55,2025-02-18,2.390104067984534,24235.0,24400.0,23825.0,24155.0,2025-05-19,1.5251398216177905,18297.0,18380.0,17909.0,17992.0,2025-08-22,8,9,False
PRUDENT,2024-05-21,1624.25,1638.3,1603.05,1630.35,67.40715550569615,67.0598092067014,33.58961938001947,35.683781199677476,1.1593522863188888,-0.05452816879811073,0.21069095592970832,290.0,,0.014107400251479829,1745.0,1745.05,1632.5,1653.35,2024-05-28,-0.020854417763056965,1660.6,1681.3,1519.65,1596.35,2024-06-04,0.12472781917993081,1843.6,1872.0,1815.1,1833.7,2024-06-20,0.222528904836385,2030.0,2055.95,1960.0,1993.15,2024-07-22,0.46118931517772266,2541.0,2541.0,2316.0,2382.25,2024-08-19,0.42230195970190443,2358.0,2365.05,2300.0,2318.85,2024-09-18,0.8219400742171927,3023.0,3023.95,2942.55,2970.4,2024-11-18,0.23231208022817196,2007.0,2198.0,1995.7,2009.1,2025-02-17,0.5975097371729998,2598.7,2643.6,2546.4,2604.5,2025-05-21,11,9,False
BALAMINES,2025-12-10,1144.0,1154.6,1120.0,1126.8,28.78126822948428,28.372685476561905,55.336179401410874,38.39663894731525,1.1431487397941074,-0.1327653532126375,0.8388356407525737,254.0,,-0.03088391906283272,1109.8,1109.8,1090.0,1092.0,2025-12-17,-0.0009762158324457815,1125.5,1146.1,1124.0,1125.7,2025-12-24,0.03328008519701808,1220.0,1227.0,1142.2,1164.3,2026-01-09,0.024849130280440113,1139.0,1162.0,1126.8,1154.8,2026-02-09,-0.0882144124955625,1010.8,1050.0,1010.8,1027.4,2026-03-10,-0.05391373801916932,1078.3,1099.0,1058.0,1066.05,2026-04-09,0.855608803691871,2029.1,2141.5,1989.4,2090.9,2026-06-08,,,,,,,,,,,,,15,9,False
RVNL,2023-03-28,66.7,66.95,64.6,66.2,53.63137516927784,52.48566608574611,17.422290466905487,38.931258037303785,1.1397280966767371,0.0,1.0891238670694863,157.0,,0.13595166163142003,76.65,77.6,74.1,75.2,2023-04-05,0.11027190332326287,74.4,74.6,73.25,73.5,2023-04-11,0.5589123867069485,104.95,106.0,100.75,103.2,2023-04-27,0.8368580060422959,116.95,121.6,116.6,121.6,2023-05-29,0.862537764350453,123.0,124.7,122.3,123.3,2023-06-26,1.0279456193353473,131.15,135.55,130.55,134.25,2023-07-26,1.5649546827794563,167.35,171.7,164.8,169.8,2023-09-25,1.6986404833836857,177.75,180.5,175.4,178.65,2023-12-26,2.8670694864048336,262.6,266.3,254.4,256.0,2024-03-27,4,9,False
TIMETECHNO,2023-05-18,40.58,41.8,40.45,40.78,45.51201894210055,45.49133714140748,17.613717558752402,17.86401705105475,1.1321726336439433,0.0,1.1321726336439433,181.0,,0.04708190289357539,42.8,42.95,42.38,42.7,2023-05-25,0.19494850416871,46.9,49.5,46.75,48.73,2023-06-01,0.43575282000980864,58.25,59.13,57.1,58.55,2023-06-19,0.6920058852378617,66.7,69.3,66.23,69.0,2023-07-17,0.6314369789112311,66.38,67.0,65.58,66.53,2023-08-16,0.9232466895537028,78.5,80.5,77.65,78.43,2023-09-15,1.1321726336439433,87.25,88.28,85.0,86.95,2023-11-15,1.1292300147130945,89.5,91.3,85.9,86.83,2024-02-12,2.545365375183914,143.5,146.68,142.0,144.58,2024-05-17,12,9,False
NBCC,2023-09-05,37.57,40.77,36.7,39.77,75.05827613035449,74.57643253221565,53.046175072473055,43.97861535668211,1.1289917022881566,-0.08297711843097821,1.1289917022881566,146.0,,-0.08297711843097821,40.4,40.43,36.27,36.47,2023-09-12,-0.006789036962534634,39.63,40.8,39.33,39.5,2023-09-20,-0.03193361830525532,38.6,39.0,38.33,38.5,2023-10-05,0.13075182298214716,45.1,45.4,44.67,44.97,2023-11-06,0.3175760623585615,51.33,53.0,50.93,52.4,2023-12-04,0.47523258737742013,53.73,59.03,53.17,58.67,2024-01-03,1.2185064118682423,89.97,90.17,88.0,88.23,2024-03-04,1.5252703042494344,103.33,104.0,98.0,100.43,2024-06-03,2.0973095297963287,122.03,125.73,122.03,123.18,2024-09-04,6,9,False
FORCEMOT,2025-05-07,9825.0,10399.5,9824.5,10291.0,67.4873037962798,65.80386499559245,35.31316108169027,38.63036929233719,1.1277815567000293,-0.05621416771936638,0.7154795452336993,177.0,,0.012292294237683521,10615.0,10947.0,10353.5,10417.5,2025-05-14,0.030317753376736922,10495.0,10660.0,10317.5,10603.0,2025-05-21,0.21484792537168396,12770.0,12893.0,12332.0,12502.0,2025-06-06,0.44203673112428343,14341.0,14959.0,14177.0,14840.0,2025-07-07,0.732484695364882,17126.0,17899.0,16900.0,17829.0,2025-08-05,0.7574579729861044,20240.0,20240.0,17904.0,18086.0,2025-09-04,0.792051306967253,17860.0,18573.0,17744.0,18442.0,2025-11-03,0.8248955397920512,19500.0,19502.0,18500.0,18780.0,2026-02-01,1.0116606743756682,20350.0,21074.0,19978.0,20702.0,2026-05-07,6,9,False
PCJEWELLER,2023-12-11,3.15,3.15,3.06,3.08,55.05426176109641,52.01144092076751,32.61820364750852,43.57841995685456,1.1266233766233764,-0.012987012987012991,0.616883116883117,178.0,,0.15909090909090895,3.28,3.6,3.23,3.57,2023-12-18,0.5097402597402598,5.13,5.18,4.65,4.65,2023-12-26,1.0876623376623376,6.5,6.55,6.31,6.43,2024-01-10,0.7012987012987013,5.42,5.45,5.14,5.24,2024-02-09,0.8928571428571428,6.19,6.29,5.83,5.83,2024-03-11,0.857142857142857,5.95,5.96,5.68,5.72,2024-04-09,0.7759740259740258,5.3,5.53,5.2,5.47,2024-06-10,2.9967532467532467,12.42,12.73,11.98,12.31,2024-09-06,4.6980519480519485,17.9,17.99,17.43,17.55,2024-12-10,13,9,False
PFC,2023-05-30,139.96,145.32,139.0,144.92,63.1332585255107,62.307193957318795,27.186277503001637,33.02340176019039,1.1218603367375106,0.0,1.1218603367375106,167.0,,0.07369583218327369,155.52,157.76,153.32,155.6,2023-06-06,0.12089428650289813,162.04,163.32,158.4,162.44,2023-06-13,0.19182997515870825,176.0,176.2,171.44,172.72,2023-06-30,0.4430030361578803,204.8,209.6,203.2,209.12,2023-07-31,0.5017940932928513,217.12,218.36,214.64,217.64,2023-08-28,0.7226745790781122,236.15,254.1,235.45,249.65,2023-09-27,1.2119100193210048,314.95,322.0,309.55,320.55,2023-11-28,1.8391526359370687,411.85,416.5,405.65,411.45,2024-02-26,2.519873033397737,512.95,524.35,508.65,510.1,2024-05-29,2,9,False
ITI,2023-09-04,121.35,129.65,121.0,127.9,65.48480983688665,65.24773738308318,42.48142414821968,75.78206188075215,1.1196247068021892,-0.02697419859265049,1.1196247068021892,39.0,,0.16731821735731045,125.45,149.3,124.5,149.3,2023-09-11,0.47458952306489444,196.85,199.6,186.2,188.6,2023-09-18,0.5156372165754495,200.7,202.8,190.05,193.85,2023-10-04,1.121188428459734,273.7,276.35,269.0,271.3,2023-11-03,1.1473807662236117,274.0,281.45,267.8,274.65,2023-12-04,1.433150899139953,311.0,322.6,305.6,311.2,2024-01-02,1.3080531665363564,291.75,299.75,291.0,295.2,2024-03-02,1.3229085222830337,303.45,305.0,293.4,297.1,2024-05-31,1.3428459734167317,301.0,305.85,298.6,299.65,2024-09-03,6,9,False
DIXON,2024-04-02,7579.9,7950.0,7554.15,7915.5,72.13906424691312,69.3637203192279,32.58746923178009,41.94381710640821,1.1178573684542985,-0.05270039795338255,1.1178573684542985,244.0,,-0.028178889520560912,7800.0,7878.3,7590.0,7692.45,2024-04-09,-0.0449181984713537,7619.8,7673.85,7461.85,7559.95,2024-04-16,0.06251026467058285,8361.0,8424.0,8270.45,8410.3,2024-05-02,0.24894194933990277,9639.9,9949.45,9537.8,9886.0,2024-06-03,0.5724148821931654,12099.0,12495.85,12086.45,12446.45,2024-07-01,0.5294611837533953,12601.1,12690.0,12060.1,12106.45,2024-07-31,0.7437875055271304,14024.6,14036.8,13754.0,13802.95,2024-09-30,1.28710757374771,18035.0,18250.0,17733.8,18103.6,2024-12-30,0.6992862105994568,12950.0,13485.0,12899.75,13450.7,2025-04-02,4,9,False
JSLL,2022-11-04,16.32,16.32,16.32,16.32,42.55651018039499,37.69560789367869,19.76367910466653,25.021766044518696,1.1035539215686274,0.0,0.9877450980392155,159.0,,0.028799019607843146,16.89,16.89,16.79,16.79,2022-11-11,0.7291666666666665,23.98,28.22,23.98,28.22,2022-11-18,0.8584558823529411,30.0,30.77,30.0,30.33,2022-12-05,0.7022058823529411,28.08,28.08,27.22,27.78,2023-01-03,0.9473039215686274,31.78,31.78,31.78,31.78,2023-02-02,0.8517156862745097,30.28,30.28,30.22,30.22,2023-03-06,1.0422794117647056,33.22,33.33,33.22,33.33,2023-05-03,4.552083333333333,90.0,96.33,89.33,90.61,2023-08-01,7.988357843137255,155.0,156.8,146.3,146.69,2023-11-06,12,9,False
SMLMAH,2025-07-01,2112.5,2276.0,2112.5,2237.5,65.36004905279061,63.112182315444976,44.30603848560843,38.41283563684978,1.0991284916201116,0.0,0.3566927374301676,122.0,,0.27365363128491627,2696.8,2897.8,2673.1,2849.8,2025-07-08,0.42775418994413394,3218.0,3310.8,3130.2,3194.6,2025-07-15,0.47754189944134073,3299.0,3412.0,3193.0,3306.0,2025-07-31,0.8264134078212291,4246.0,4273.3,4016.6,4086.6,2025-09-01,0.4162234636871509,3200.0,3259.9,3109.2,3168.8,2025-09-29,0.3504804469273741,3289.9,3331.5,3014.8,3021.7,2025-10-29,0.7030167597765362,3661.0,3810.5,3580.2,3810.5,2025-12-29,0.6896983240223462,3839.7,3954.3,3780.1,3780.7,2026-03-30,0.7700558659217878,4089.9,4089.9,3905.0,3960.5,2026-07-01,14,9,False
SYRMA,2023-05-12,301.85,316.0,301.5,312.9,60.02667935258313,58.12434972191582,41.233083844255326,24.177657724662495,1.098434004474273,-0.020773410035154982,0.8141578779162673,203.0,,0.04985618408437209,330.0,335.4,313.4,328.5,2023-05-19,0.17002237136465337,366.0,368.9,361.7,366.1,2023-05-26,0.2869926494087569,404.2,407.5,398.0,402.7,2023-06-12,0.43672099712368184,444.95,457.7,441.85,449.55,2023-07-11,0.5178970917225951,474.0,482.25,473.5,474.95,2023-08-10,0.8179929689996805,567.5,578.9,560.0,568.85,2023-09-11,0.67193991690636,526.95,529.25,516.5,523.15,2023-11-08,0.8231064237775649,570.3,576.0,541.0,570.45,2024-02-06,0.2542345797379355,474.0,475.0,386.3,392.45,2024-05-13,8,9,False
HINDCOPPER,2025-12-08,372.0,378.4,361.1,363.5,64.00587346423433,63.49291623503812,34.48026012396602,45.59516307922243,1.0909215955983491,-0.017744154057771633,0.43686382393397505,122.0,,0.045254470426409954,382.0,389.7,375.15,379.95,2025-12-15,0.10976616231086656,394.5,408.9,394.2,403.4,2025-12-22,0.5165061898211829,574.8,575.0,548.0,551.25,2026-01-07,0.5951856946354883,587.4,601.15,575.75,579.85,2026-02-06,0.4870701513067399,549.8,551.35,534.65,540.55,2026-03-09,0.3876203576341126,500.95,512.0,496.4,504.4,2026-04-07,0.3924346629986244,512.0,521.65,503.15,506.15,2026-06-08,,,,,,,,,,,,,4,9,False
