Date_of_Analysis,Scrip,Exchange,Close,Daily_TF_Comment,Weekly_TF_Comment,Monthly_TF_Comment,Overall_Verdict,Buy_Sell_Reco,Score
2026-07-26 18:20,360ONE,NSE_EQ,1102.3,"Above rising 50D, bullish stack, +1% vs 200D; mid-range","Above rising 50W, bullish stack, +25% vs 200W; mid-range","Above rising 20M, bullish stack, +28% vs 50M; mid-range","LT(M) up, Wkly up, Daily up — aligned uptrend across all TFs.",STRONG BUY,10.8
2026-07-26 18:20,ABB,NSE_EQ,7375.5,"Above rising 50D, bullish stack, +16% vs 200D; mid-range","Above rising 50W, bullish stack, +39% vs 200W; near highs","Above rising 20M, bullish stack, +40% vs 50M; near highs","LT(M) up, Wkly up, Daily up — aligned uptrend across all TFs.",STRONG BUY,10.8
2026-07-26 18:20,ABCAPITAL,NSE_EQ,393.85,"Above rising 50D, bullish stack, +16% vs 200D; mid-range","Above rising 50W, bullish stack, +63% vs 200W; mid-range","Above rising 20M, bullish stack, +65% vs 50M; near highs","LT(M) up, Wkly up, Daily up — aligned uptrend across all TFs.",STRONG BUY,10.8
2026-07-26 18:20,ADANIENSOL,NSE_EQ,1702.2,"Above rising 50D, bullish stack, +38% vs 200D; near highs","Above rising 50W, bullish stack, +54% vs 200W; near highs","Above rising 20M, bullish stack, +54% vs 50M; near highs","LT(M) up, Wkly up, Daily up — aligned uptrend across all TFs.",STRONG BUY,10.8
2026-07-26 18:20,ADANIENT,NSE_EQ,3026.4,"Above rising 50D, bullish stack, +19% vs 200D; mid-range","Above rising 50W, bullish stack, +30% vs 200W; mid-range","Above rising 20M, bullish stack, +31% vs 50M; near highs","LT(M) up, Wkly up, Daily up — aligned uptrend across all TFs.",STRONG BUY,10.8
2026-07-26 18:20,ALKEM,NSE_EQ,5633.5,"Above rising 50D, bullish stack, +3% vs 200D; mid-range","Above rising 50W, bullish stack, +17% vs 200W; mid-range","Above rising 20M, bullish stack, +19% vs 50M; near highs","LT(M) up, Wkly up, Daily up — aligned uptrend across all TFs.",STRONG BUY,10.8
2026-07-26 18:20,APOLLOHOSP,NSE_EQ,8805.5,"Above rising 50D, bullish stack, +12% vs 200D; near highs","Above rising 50W, bullish stack, +37% vs 200W; near highs","Above rising 20M, bullish stack, +40% vs 50M; near highs","LT(M) up, Wkly up, Daily up — aligned uptrend across all TFs.",STRONG BUY,10.8
2026-07-26 18:20,GMRAIRPORT,NSE_EQ,107.12,"Above rising 50D, bullish stack, +8% vs 200D; mid-range","Above rising 50W, bullish stack, +37% vs 200W; mid-range","Above rising 20M, bullish stack, +40% vs 50M; mid-range","LT(M) up, Wkly up, Daily up — aligned uptrend across all TFs.",STRONG BUY,10.8
2026-07-26 18:20,BIOCON,NSE_EQ,433.65,"Above rising 50D, bullish stack, +11% vs 200D; near highs","Above rising 50W, bullish stack, +26% vs 200W; near highs","Above rising 20M, bullish stack, +27% vs 50M; near highs","LT(M) up, Wkly up, Daily up — aligned uptrend across all TFs.",STRONG BUY,10.8
2026-07-26 18:20,BOSCHLTD,NSE_EQ,41755.0,"Above rising 50D, bullish stack, +13% vs 200D; near highs","Above rising 50W, bullish stack, +39% vs 200W; near highs","Above rising 20M, bullish stack, +41% vs 50M; near highs","LT(M) up, Wkly up, Daily up — aligned uptrend across all TFs.",STRONG BUY,10.8
2026-07-26 18:20,CHOLAFIN,NSE_EQ,1724.4,"Above rising 50D, bullish stack, +6% vs 200D; mid-range","Above rising 50W, bullish stack, +32% vs 200W; mid-range","Above rising 20M, bullish stack, +35% vs 50M; mid-range","LT(M) up, Wkly up, Daily up — aligned uptrend across all TFs.",STRONG BUY,10.8
2026-07-26 18:20,BHARATFORG,NSE_EQ,2151.6,"Above rising 50D, bullish stack, +23% vs 200D; near highs","Above rising 50W, bullish stack, +65% vs 200W; near highs","Above rising 20M, bullish stack, +66% vs 50M; near highs","LT(M) up, Wkly up, Daily up — aligned uptrend across all TFs.",STRONG BUY,10.8
2026-07-26 18:20,BHEL,NSE_EQ,417.3,"Above rising 50D, bullish stack, +28% vs 200D; mid-range","Above rising 50W, bullish stack, +85% vs 200W; near highs","Above rising 20M, bullish stack, +85% vs 50M; near highs","LT(M) up, Wkly up, Daily up — aligned uptrend across all TFs.",STRONG BUY,10.8
2026-07-26 18:20,BAJFINANCE,NSE_EQ,1012.8,"Above rising 50D, bullish stack, +7% vs 200D; mid-range","Above rising 50W, bullish stack, +26% vs 200W; mid-range","Above rising 20M, bullish stack, +28% vs 50M; near highs","LT(M) up, Wkly up, Daily up — aligned uptrend across all TFs.",STRONG BUY,10.8
2026-07-26 18:20,BAJAJ-AUTO,NSE_EQ,11130.0,"Above rising 50D, bullish stack, +15% vs 200D; near highs","Above rising 50W, bullish stack, +42% vs 200W; near highs","Above rising 20M, bullish stack, +44% vs 50M; near highs","LT(M) up, Wkly up, Daily up — aligned uptrend across all TFs.",STRONG BUY,10.8
2026-07-26 18:20,AUROPHARMA,NSE_EQ,1532.0,"Above rising 50D, bullish stack, +14% vs 200D; mid-range","Above rising 50W, bullish stack, +38% vs 200W; mid-range","Above rising 20M, bullish stack, +39% vs 50M; near highs","LT(M) up, Wkly up, Daily up — aligned uptrend across all TFs.",STRONG BUY,10.8
2026-07-26 18:20,EICHERMOT,NSE_EQ,7628.0,"Above rising 50D, bullish stack, +8% vs 200D; mid-range","Above rising 50W, bullish stack, +44% vs 200W; mid-range","Above rising 20M, bullish stack, +47% vs 50M; mid-range","LT(M) up, Wkly up, Daily up — aligned uptrend across all TFs.",STRONG BUY,10.8
2026-07-26 18:20,GRASIM,NSE_EQ,3089.4,"Above rising 50D, bullish stack, +6% vs 200D; mid-range","Above rising 50W, bullish stack, +29% vs 200W; mid-range","Above rising 20M, bullish stack, +30% vs 50M; near highs","LT(M) up, Wkly up, Daily up — aligned uptrend across all TFs.",STRONG BUY,10.8
2026-07-26 18:20,HAL,NSE_EQ,4573.4,"Above rising 50D, bullish stack, +5% vs 200D; mid-range","Above rising 50W, bullish stack, +31% vs 200W; mid-range","Above rising 20M, bullish stack, +34% vs 50M; mid-range","LT(M) up, Wkly up, Daily up — aligned uptrend across all TFs.",STRONG BUY,10.8
2026-07-26 18:20,FEDERALBNK,NSE_EQ,354.3,"Above rising 50D, bullish stack, +26% vs 200D; near highs","Above rising 50W, bullish stack, +77% vs 200W; near highs","Above rising 20M, bullish stack, +78% vs 50M; near highs","LT(M) up, Wkly up, Daily up — aligned uptrend across all TFs.",STRONG BUY,10.8
2026-07-26 18:20,DIVISLAB,NSE_EQ,7248.5,"Above rising 50D, bullish stack, +12% vs 200D; near highs","Above rising 50W, bullish stack, +37% vs 200W; near highs","Above rising 20M, bullish stack, +39% vs 50M; near highs","LT(M) up, Wkly up, Daily up — aligned uptrend across all TFs.",STRONG BUY,10.8
2026-07-26 18:20,EXIDEIND,NSE_EQ,443.0,"Above rising 50D, bullish stack, +19% vs 200D; near highs","Above rising 50W, bullish stack, +30% vs 200W; near highs","Above rising 20M, bullish stack, +32% vs 50M; near highs","LT(M) up, Wkly up, Daily up — aligned uptrend across all TFs.",STRONG BUY,10.8
2026-07-26 18:20,CUMMINSIND,NSE_EQ,5600.5,"Above rising 50D, bullish stack, +15% vs 200D; mid-range","Above rising 50W, bullish stack, +69% vs 200W; mid-range","Above rising 20M, bullish stack, +71% vs 50M; mid-range","LT(M) up, Wkly up, Daily up — aligned uptrend across all TFs.",STRONG BUY,10.8
2026-07-26 18:20,PHOENIXLTD,NSE_EQ,2010.7,"Above rising 50D, bullish stack, +13% vs 200D; mid-range","Above rising 50W, bullish stack, +44% vs 200W; mid-range","Above rising 20M, bullish stack, +47% vs 50M; near highs","LT(M) up, Wkly up, Daily up — aligned uptrend across all TFs.",STRONG BUY,10.8
2026-07-26 18:20,TITAN,NSE_EQ,4677.0,"Above rising 50D, bullish stack, +13% vs 200D; near highs","Above rising 50W, bullish stack, +38% vs 200W; near highs","Above rising 20M, bullish stack, +40% vs 50M; near highs","LT(M) up, Wkly up, Daily up — aligned uptrend across all TFs.",STRONG BUY,10.8
2026-07-26 18:20,TORNTPHARM,NSE_EQ,4961.5,"Above rising 50D, bullish stack, +18% vs 200D; near highs","Above rising 50W, bullish stack, +61% vs 200W; near highs","Above rising 20M, bullish stack, +63% vs 50M; near highs","LT(M) up, Wkly up, Daily up — aligned uptrend across all TFs.",STRONG BUY,10.8
2026-07-26 18:20,ZYDUSLIFE,NSE_EQ,1108.7,"Above rising 50D, bullish stack, +11% vs 200D; mid-range","Above rising 50W, bullish stack, +31% vs 200W; mid-range","Above rising 20M, bullish stack, +34% vs 50M; near highs","LT(M) up, Wkly up, Daily up — aligned uptrend across all TFs.",STRONG BUY,10.8
2026-07-26 18:20,TVSMOTOR,NSE_EQ,3870.2,"Above rising 50D, bullish stack, +11% vs 200D; near highs","Above rising 50W, bullish stack, +54% vs 200W; near highs","Above rising 20M, bullish stack, +58% vs 50M; near highs","LT(M) up, Wkly up, Daily up — aligned uptrend across all TFs.",STRONG BUY,10.8
2026-07-26 18:20,SONACOMS,NSE_EQ,717.95,"Above rising 50D, bullish stack, +28% vs 200D; near highs","Above rising 50W, bullish stack, +33% vs 200W; near highs","Above rising 20M, bullish stack, +33% vs 50M; near highs","LT(M) up, Wkly up, Daily up — aligned uptrend across all TFs.",STRONG BUY,10.8
2026-07-26 18:20,SUNPHARMA,NSE_EQ,1941.1,"Above rising 50D, bullish stack, +9% vs 200D; near highs","Above rising 50W, bullish stack, +29% vs 200W; near highs","Above rising 20M, bullish stack, +31% vs 50M; near highs","LT(M) up, Wkly up, Daily up — aligned uptrend across all TFs.",STRONG BUY,10.8
2026-07-26 18:20,PRESTIGE,NSE_EQ,1592.8,"Above rising 50D, bullish stack, +6% vs 200D; mid-range","Above rising 50W, bullish stack, +28% vs 200W; mid-range","Above rising 20M, bullish stack, +32% vs 50M; mid-range","LT(M) up, Wkly up, Daily up — aligned uptrend across all TFs.",STRONG BUY,10.8
2026-07-26 18:20,SOLARINDS,NSE_EQ,18494.0,"Above rising 50D, bullish stack, +20% vs 200D; near highs","Above rising 50W, bullish stack, +76% vs 200W; near highs","Above rising 20M, bullish stack, +79% vs 50M; near highs","LT(M) up, Wkly up, Daily up — aligned uptrend across all TFs.",STRONG BUY,10.8
2026-07-26 18:20,PAYTM,NSE_EQ,1283.2,"Above rising 50D, bullish stack, +12% vs 200D; mid-range","Above rising 50W, bullish stack, +30% vs 200W; mid-range","Above rising 20M, bullish stack, +28% vs 50M; near highs","LT(M) up, Wkly up, Daily up — aligned uptrend across all TFs.",STRONG BUY,10.8
2026-07-26 18:20,PNBHOUSING,NSE_EQ,1058.0,"Above rising 50D, bullish stack, +10% vs 200D; mid-range","Above rising 50W, bullish stack, +31% vs 200W; mid-range","Above rising 20M, bullish stack, +33% vs 50M; near highs","LT(M) up, Wkly up, Daily up — aligned uptrend across all TFs.",STRONG BUY,10.8
2026-07-26 18:20,PIDILITIND,NSE_EQ,1570.9,"Above rising 50D, bullish stack, +6% vs 200D; mid-range","Above rising 50W, bullish stack, +14% vs 200W; near highs","Above rising 20M, bullish stack, +15% vs 50M; near highs","LT(M) up, Wkly up, Daily up — aligned uptrend across all TFs.",STRONG BUY,10.8
2026-07-26 18:20,MARICO,NSE_EQ,855.6,"Above rising 50D, bullish stack, +10% vs 200D; near highs","Above rising 50W, bullish stack, +32% vs 200W; near highs","Above rising 20M, bullish stack, +33% vs 50M; near highs","LT(M) up, Wkly up, Daily up — aligned uptrend across all TFs.",STRONG BUY,10.8
2026-07-26 18:20,LTF,NSE_EQ,302.4,"Above rising 50D, bullish stack, +10% vs 200D; mid-range","Above rising 50W, bullish stack, +56% vs 200W; mid-range","Above rising 20M, bullish stack, +58% vs 50M; mid-range","LT(M) up, Wkly up, Daily up — aligned uptrend across all TFs.",STRONG BUY,10.8
2026-07-26 18:20,OBEROIRLTY,NSE_EQ,1821.2,"Above rising 50D, bullish stack, +8% vs 200D; mid-range","Above rising 50W, bullish stack, +24% vs 200W; mid-range","Above rising 20M, bullish stack, +26% vs 50M; near highs","LT(M) up, Wkly up, Daily up — aligned uptrend across all TFs.",STRONG BUY,10.8
2026-07-26 18:20,NYKAA,NSE_EQ,322.8,"Above rising 50D, bullish stack, +22% vs 200D; near highs","Above rising 50W, bullish stack, +39% vs 200W; near highs","Above rising 20M, bullish stack, +36% vs 50M; near highs","LT(M) up, Wkly up, Daily up — aligned uptrend across all TFs.",STRONG BUY,10.8
2026-07-26 18:20,MOTHERSON,NSE_EQ,145.55,"Above rising 50D, bullish stack, +16% vs 200D; mid-range","Above rising 50W, bullish stack, +48% vs 200W; mid-range","Above rising 20M, bullish stack, +49% vs 50M; near highs","LT(M) up, Wkly up, Daily up — aligned uptrend across all TFs.",STRONG BUY,10.8
2026-07-26 18:20,NESTLEIND,NSE_EQ,1443.5,"Above rising 50D, bullish stack, +9% vs 200D; mid-range","Above rising 50W, bullish stack, +23% vs 200W; near highs","Above rising 20M, bullish stack, +24% vs 50M; near highs","LT(M) up, Wkly up, Daily up — aligned uptrend across all TFs.",STRONG BUY,10.8
2026-07-26 18:20,NUVAMA,NSE_EQ,1980.1,"Above rising 50D, bullish stack, +33% vs 200D; near highs","Above rising 50W, bullish stack, +77% vs 200W; near highs","Above rising 20M, bullish stack, +79% vs 50M; near highs","LT(M) up, Wkly up, Daily up — aligned uptrend across all TFs.",STRONG BUY,10.8
2026-07-26 18:20,MANKIND,NSE_EQ,2507.2,"Above rising 50D, bullish stack, +7% vs 200D; mid-range","Above rising 50W, bullish stack, +18% vs 200W; mid-range","Above rising 20M, bullish stack, +19% vs 50M; near highs","LT(M) up, Wkly up, Daily up — aligned uptrend across all TFs.",STRONG BUY,10.8
2026-07-26 18:20,MANAPPURAM,NSE_EQ,352.95,"Above rising 50D, bullish stack, +20% vs 200D; near highs","Above rising 50W, bullish stack, +59% vs 200W; near highs","Above rising 20M, bullish stack, +61% vs 50M; near highs","LT(M) up, Wkly up, Daily up — aligned uptrend across all TFs.",STRONG BUY,10.8
2026-07-26 18:20,OFSS,NSE_EQ,10652.0,"Above rising 50D, bullish stack, +18% vs 200D; mid-range","Above rising 50W, bullish stack, +42% vs 200W; mid-range","Above rising 20M, bullish stack, +44% vs 50M; near highs","LT(M) up, Wkly up, Daily up — aligned uptrend across all TFs.",STRONG BUY,10.8
2026-07-26 18:20,LAURUSLABS,NSE_EQ,1601.2,"Above rising 50D, bullish stack, +38% vs 200D; near highs","Above rising 50W, bullish stack, +119% vs 200W; near highs","Above rising 20M, bullish stack, +121% vs 50M; near highs","LT(M) up, Wkly up, Daily up — aligned uptrend across all TFs.",STRONG BUY,10.8
2026-07-26 18:20,IDFCFIRSTB,NSE_EQ,80.79,"Above rising 50D, bullish stack, +9% vs 200D; mid-range","Above rising 50W, bullish stack, +17% vs 200W; mid-range","Above rising 20M, bullish stack, +18% vs 50M; mid-range","LT(M) up, Wkly up, Daily up — aligned uptrend across all TFs.",STRONG BUY,10.8
2026-07-26 18:20,ICICIBANK,NSE_EQ,1432.9,"Above rising 50D, bullish stack, +7% vs 200D; mid-range","Above rising 50W, bullish stack, +23% vs 200W; near highs","Above rising 20M, bullish stack, +25% vs 50M; near highs","LT(M) up, Wkly up, Daily up — aligned uptrend across all TFs.",STRONG BUY,10.8
2026-07-26 18:20,RADICO,NSE_EQ,4091.3,"Above rising 50D, bullish stack, +26% vs 200D; near highs","Above rising 50W, bullish stack, +81% vs 200W; near highs","Above rising 20M, bullish stack, +84% vs 50M; near highs","LT(M) up, Wkly up, Daily up — aligned uptrend across all TFs.",STRONG BUY,10.8
2026-07-26 18:20,SIEMENS,NSE_EQ,3689.8,"Above rising 50D, bullish stack, +9% vs 200D; mid-range","Above rising 50W, bullish stack, +36% vs 200W; mid-range","Above rising 20M, bullish stack, +38% vs 50M; mid-range","LT(M) up, Wkly up, Daily up — aligned uptrend across all TFs.",STRONG BUY,10.8
2026-07-26 18:20,UNIONBANK,NSE_EQ,170.5,"Above rising 50D, mixed stack, +4% vs 200D; mid-range","Above rising 50W, bullish stack, +34% vs 200W; mid-range","Above rising 20M, bullish stack, +35% vs 50M; mid-range","LT(M) up, Wkly up, Daily up — aligned uptrend across all TFs.",STRONG BUY,9.8
2026-07-26 18:20,UNITDSPR,NSE_EQ,1467.2,"Above rising 50D, bullish stack, +9% vs 200D; near highs","Above rising 50W, mixed stack, +20% vs 200W; near highs","Above rising 20M, bullish stack, +21% vs 50M; near highs","LT(M) up, Wkly up, Daily up — aligned uptrend across all TFs.",STRONG BUY,9.5
2026-07-26 18:20,INDIGO,NSE_EQ,4985.0,"Above rising 50D, bullish stack, +2% vs 200D; mid-range","Above rising 50W, mixed stack, +22% vs 200W; mid-range","Above rising 20M, bullish stack, +25% vs 50M; mid-range","LT(M) up, Wkly up, Daily up — aligned uptrend across all TFs.",STRONG BUY,9.5
2026-07-26 18:20,INDHOTEL,NSE_EQ,727.45,"Above rising 50D, bullish stack, +5% vs 200D; mid-range","Above rising 50W, mixed stack, +24% vs 200W; mid-range","Above rising 20M, bullish stack, +27% vs 50M; mid-range","LT(M) up, Wkly up, Daily up — aligned uptrend across all TFs.",STRONG BUY,9.5
2026-07-26 18:20,MAXHEALTH,NSE_EQ,1080.4,"Above rising 50D, bullish stack, +2% vs 200D; mid-range","Above rising 50W, mixed stack, +24% vs 200W; mid-range","Above rising 20M, bullish stack, +27% vs 50M; mid-range","LT(M) up, Wkly up, Daily up — aligned uptrend across all TFs.",STRONG BUY,9.5
2026-07-26 18:20,ETERNAL,NSE_EQ,280.0,"Above rising 50D, bullish stack, +5% vs 200D; mid-range","Above rising 50W, mixed stack, +30% vs 200W; mid-range","Above rising 20M, bullish stack, +33% vs 50M; mid-range","LT(M) up, Wkly up, Daily up — aligned uptrend across all TFs.",STRONG BUY,9.5
2026-07-26 18:20,ADANIPORTS,NSE_EQ,1768.3,"Below rising 50D, bullish stack, +10% vs 200D; mid-range","Above rising 50W, bullish stack, +42% vs 200W; mid-range","Above rising 20M, bullish stack, +45% vs 50M; near highs","LT(M) up, Wkly up, Daily up — aligned uptrend across all TFs.",STRONG BUY,8.8
2026-07-26 18:20,CGPOWER,NSE_EQ,867.7,"Below rising 50D, bullish stack, +10% vs 200D; mid-range","Above rising 50W, bullish stack, +49% vs 200W; mid-range","Above rising 20M, bullish stack, +52% vs 50M; mid-range","LT(M) up, Wkly up, Daily up — aligned uptrend across all TFs.",STRONG BUY,8.8
2026-07-26 18:20,GLENMARK,NSE_EQ,2192.0,"Below rising 50D, bullish stack, +4% vs 200D; mid-range","Above rising 50W, bullish stack, +49% vs 200W; mid-range","Above rising 20M, bullish stack, +51% vs 50M; mid-range","LT(M) up, Wkly up, Daily up — aligned uptrend across all TFs.",STRONG BUY,8.8
2026-07-26 18:20,FORTIS,NSE_EQ,948.7,"Below rising 50D, bullish stack, +4% vs 200D; mid-range","Above rising 50W, bullish stack, +47% vs 200W; mid-range","Above rising 20M, bullish stack, +51% vs 50M; mid-range","LT(M) up, Wkly up, Daily up — aligned uptrend across all TFs.",STRONG BUY,8.8
2026-07-26 18:20,MOTILALOFS,NSE_EQ,871.95,"Below rising 50D, bullish stack, +2% vs 200D; mid-range","Above rising 50W, bullish stack, +37% vs 200W; mid-range","Above rising 20M, bullish stack, +42% vs 50M; mid-range","LT(M) up, Wkly up, Daily up — aligned uptrend across all TFs.",STRONG BUY,8.8
2026-07-26 18:20,LUPIN,NSE_EQ,2370.5,"Below rising 50D, bullish stack, +6% vs 200D; mid-range","Above rising 50W, bullish stack, +34% vs 200W; mid-range","Above rising 20M, bullish stack, +36% vs 50M; near highs","LT(M) up, Wkly up, Daily up — aligned uptrend across all TFs.",STRONG BUY,8.8
2026-07-26 18:20,JSWENERGY,NSE_EQ,551.65,"Below rising 50D, bullish stack, +4% vs 200D; mid-range","Above rising 50W, bullish stack, +18% vs 200W; mid-range","Above rising 20M, bullish stack, +20% vs 50M; mid-range","LT(M) up, Wkly up, Daily up — aligned uptrend across all TFs.",STRONG BUY,8.8
2026-07-26 18:20,NAM-INDIA,NSE_EQ,1112.5,"Below rising 50D, bullish stack, +13% vs 200D; mid-range","Above rising 50W, bullish stack, +64% vs 200W; mid-range","Above rising 20M, bullish stack, +67% vs 50M; mid-range","LT(M) up, Wkly up, Daily up — aligned uptrend across all TFs.",STRONG BUY,8.8
2026-07-26 18:20,RBLBANK,NSE_EQ,352.9,"Below rising 50D, bullish stack, +10% vs 200D; mid-range","Above rising 50W, bullish stack, +38% vs 200W; mid-range","Above rising 20M, bullish stack, +38% vs 50M; mid-range","LT(M) up, Wkly up, Daily up — aligned uptrend across all TFs.",STRONG BUY,8.8
2026-07-26 18:20,SHRIRAMFIN,NSE_EQ,1005.1,"Below rising 50D, bullish stack, +9% vs 200D; mid-range","Above rising 50W, bullish stack, +59% vs 200W; mid-range","Above rising 20M, bullish stack, +61% vs 50M; mid-range","LT(M) up, Wkly up, Daily up — aligned uptrend across all TFs.",STRONG BUY,8.8
2026-07-26 18:20,SBIN,NSE_EQ,1015.0,"Below rising 50D, bullish stack, +2% vs 200D; mid-range","Above rising 50W, bullish stack, +29% vs 200W; mid-range","Above rising 20M, bullish stack, +31% vs 50M; mid-range","LT(M) up, Wkly up, Daily up — aligned uptrend across all TFs.",STRONG BUY,8.8
2026-07-26 18:20,BANKINDIA,NSE_EQ,142.62,"Below rising 50D, mixed stack, +0% vs 200D; mid-range","Above rising 50W, bullish stack, +22% vs 200W; mid-range","Above rising 20M, bullish stack, +23% vs 50M; mid-range","LT(M) up, Wkly up, Daily flat — uptrend intact, short-term pullback (dip-buy zone).",STRONG BUY,7.8
2026-07-26 18:20,DELHIVERY,NSE_EQ,462.55,"Below rising 50D, bullish stack, +4% vs 200D; mid-range","Above rising 50W, bullish stack, +9% vs 200W; mid-range","Above rising 20M, mixed stack, +9% vs 50M; near highs","LT(M) up, Wkly up, Daily up — aligned uptrend across all TFs.",STRONG BUY,7.5
2026-07-26 18:20,BHARTIARTL,NSE_EQ,1898.2,"Above rising 50D, mixed stack, +0% vs 200D; mid-range","Above falling 50W, bullish stack, +26% vs 200W; mid-range","Above rising 20M, bullish stack, +29% vs 50M; mid-range","LT(M) up, Wkly up, Daily up — aligned uptrend across all TFs.",STRONG BUY,7.2
2026-07-26 18:20,INDUSINDBK,NSE_EQ,996.05,"Above rising 50D, bullish stack, +10% vs 200D; mid-range","Above rising 50W, mixed stack, -3% vs 200W; mid-range","Above rising 20M, bearish stack, -4% vs 50M; near highs","LT(M) up, Wkly up, Daily up — aligned uptrend across all TFs.",STRONG BUY,6.9
2026-07-26 18:20,POLYCAB,NSE_EQ,8907.5,"Below falling 50D, bullish stack, +8% vs 200D; mid-range","Above rising 50W, bullish stack, +49% vs 200W; mid-range","Above rising 20M, bullish stack, +51% vs 50M; mid-range","LT(M) up, Wkly up, Daily down — uptrend intact, short-term pullback (dip-buy zone).",STRONG BUY,6.8
2026-07-26 18:20,AUBANK,NSE_EQ,1004.0,"Below falling 50D, bullish stack, +6% vs 200D; mid-range","Above rising 50W, bullish stack, +34% vs 200W; mid-range","Above rising 20M, bullish stack, +36% vs 50M; mid-range","LT(M) up, Wkly up, Daily down — uptrend intact, short-term pullback (dip-buy zone).",STRONG BUY,6.8
2026-07-26 18:20,CAMS,NSE_EQ,761.45,"Below falling 50D, bullish stack, +1% vs 200D; mid-range","Above rising 50W, bullish stack, +12% vs 200W; mid-range","Above rising 20M, bullish stack, +14% vs 50M; mid-range","LT(M) up, Wkly up, Daily down — uptrend intact, short-term pullback (dip-buy zone).",STRONG BUY,6.8
2026-07-26 18:20,ADANIPOWER,NSE_EQ,213.66,"Below falling 50D, bullish stack, +18% vs 200D; mid-range","Above rising 50W, bullish stack, +80% vs 200W; mid-range","Above rising 20M, bullish stack, +82% vs 50M; mid-range","LT(M) up, Wkly up, Daily down — uptrend intact, short-term pullback (dip-buy zone).",STRONG BUY,6.8
2026-07-26 18:20,ANGELONE,NSE_EQ,307.95,"Below falling 50D, bullish stack, +6% vs 200D; mid-range","Above rising 50W, bullish stack, +32% vs 200W; mid-range","Above rising 20M, bullish stack, +35% vs 50M; mid-range","LT(M) up, Wkly up, Daily down — uptrend intact, short-term pullback (dip-buy zone).",STRONG BUY,6.8
2026-07-26 18:20,IDEA,NSE_EQ,13.13,"Below rising 50D, bullish stack, +15% vs 200D; mid-range","Above rising 50W, mixed stack, +11% vs 200W; mid-range","Above rising 20M, mixed stack, +7% vs 50M; mid-range","LT(M) up, Wkly up, Daily up — aligned uptrend across all TFs.",STRONG BUY,6.2
2026-07-26 18:20,YESBANK,NSE_EQ,22.95,"Below rising 50D, bullish stack, +5% vs 200D; mid-range","Above rising 50W, mixed stack, -12% vs 200W; mid-range","Above rising 20M, mixed stack, -16% vs 50M; mid-range","LT(M) up, Wkly up, Daily up — aligned uptrend across all TFs.",STRONG BUY,6.2
2026-07-26 18:20,ADANIGREEN,NSE_EQ,1395.1,"Below rising 50D, bullish stack, +15% vs 200D; mid-range","Above rising 50W, mixed stack, +16% vs 200W; mid-range","Above rising 20M, mixed stack, +17% vs 50M; mid-range","LT(M) up, Wkly up, Daily up — aligned uptrend across all TFs.",STRONG BUY,6.2
2026-07-26 18:20,TECHM,NSE_EQ,1559.5,"Above rising 50D, mixed stack, +5% vs 200D; mid-range","Above falling 50W, mixed stack, +12% vs 200W; mid-range","Above rising 20M, bullish stack, +14% vs 50M; mid-range","LT(M) up, Wkly flat, Daily up — long-term up but weekly weakening — wait for weekly to stabilize.",BUY,5.9
2026-07-26 18:20,ULTRACEMCO,NSE_EQ,11846.0,"Above rising 50D, mixed stack, +1% vs 200D; mid-range","Above falling 50W, mixed stack, +15% vs 200W; mid-range","Above rising 20M, bullish stack, +17% vs 50M; mid-range","LT(M) up, Wkly flat, Daily up — long-term up but weekly weakening — wait for weekly to stabilize.",BUY,5.9
2026-07-26 18:20,KEI,NSE_EQ,4868.0,"Below falling 50D, mixed stack, +4% vs 200D; mid-range","Above rising 50W, bullish stack, +40% vs 200W; mid-range","Above rising 20M, bullish stack, +43% vs 50M; mid-range","LT(M) up, Wkly up, Daily down — uptrend intact, short-term pullback (dip-buy zone).",BUY,5.8
2026-07-26 18:20,INDIANB,NSE_EQ,826.1,"Below falling 50D, mixed stack, +0% vs 200D; mid-range","Above rising 50W, bullish stack, +41% vs 200W; mid-range","Above rising 20M, bullish stack, +43% vs 50M; mid-range","LT(M) up, Wkly up, Daily down — uptrend intact, short-term pullback (dip-buy zone).",BUY,5.8
2026-07-26 18:20,NMDC,NSE_EQ,83.56,"Below falling 50D, mixed stack, +1% vs 200D; mid-range","Above rising 50W, bullish stack, +22% vs 200W; mid-range","Above rising 20M, bullish stack, +24% vs 50M; mid-range","LT(M) up, Wkly up, Daily down — uptrend intact, short-term pullback (dip-buy zone).",BUY,5.8
2026-07-26 18:20,JSWSTEEL,NSE_EQ,1240.8,"Below falling 50D, mixed stack, +3% vs 200D; mid-range","Above rising 50W, bullish stack, +29% vs 200W; mid-range","Above rising 20M, bullish stack, +31% vs 50M; near highs","LT(M) up, Wkly up, Daily down — uptrend intact, short-term pullback (dip-buy zone).",BUY,5.8
2026-07-26 18:20,MCX,NSE_EQ,2730.0,"Below falling 50D, mixed stack, +10% vs 200D; mid-range","Above rising 50W, bullish stack, +94% vs 200W; mid-range","Above rising 20M, bullish stack, +98% vs 50M; mid-range","LT(M) up, Wkly up, Daily down — uptrend intact, short-term pullback (dip-buy zone).",BUY,5.8
2026-07-26 18:20,SAIL,NSE_EQ,161.45,"Below falling 50D, mixed stack, +0% vs 200D; mid-range","Above rising 50W, bullish stack, +27% vs 200W; mid-range","Above rising 20M, bullish stack, +28% vs 50M; mid-range","LT(M) up, Wkly up, Daily down — uptrend intact, short-term pullback (dip-buy zone).",BUY,5.8
2026-07-26 18:20,POWERINDIA,NSE_EQ,31070.0,"Below falling 50D, mixed stack, +15% vs 200D; mid-range","Above rising 50W, bullish stack, +104% vs 200W; mid-range","Above rising 20M, bullish stack, +105% vs 50M; mid-range","LT(M) up, Wkly up, Daily down — uptrend intact, short-term pullback (dip-buy zone).",BUY,5.8
2026-07-26 18:20,NATIONALUM,NSE_EQ,343.9,"Below falling 50D, mixed stack, +1% vs 200D; mid-range","Above rising 50W, bullish stack, +60% vs 200W; mid-range","Above rising 20M, bullish stack, +64% vs 50M; mid-range","LT(M) up, Wkly up, Daily down — uptrend intact, short-term pullback (dip-buy zone).",BUY,5.8
2026-07-26 18:20,VEDL,NSE_EQ,264.65,"Below falling 50D, mixed stack, +3% vs 200D; mid-range","Above rising 50W, bullish stack, +50% vs 200W; mid-range","Above rising 20M, bullish stack, +52% vs 50M; mid-range","LT(M) up, Wkly up, Daily down — uptrend intact, short-term pullback (dip-buy zone).",BUY,5.8
2026-07-26 18:20,HINDALCO,NSE_EQ,942.8,"Below falling 50D, mixed stack, +2% vs 200D; mid-range","Above rising 50W, bullish stack, +38% vs 200W; mid-range","Above rising 20M, bullish stack, +40% vs 50M; mid-range","LT(M) up, Wkly up, Daily down — uptrend intact, short-term pullback (dip-buy zone).",BUY,5.8
2026-07-26 18:20,GVT&D,NSE_EQ,4157.4,"Below falling 50D, mixed stack, +8% vs 200D; mid-range","Above rising 50W, bullish stack, +98% vs 200W; mid-range","Above rising 20M, bullish stack, +102% vs 50M; mid-range","LT(M) up, Wkly up, Daily down — uptrend intact, short-term pullback (dip-buy zone).",BUY,5.8
2026-07-26 18:20,LODHA,NSE_EQ,1144.1,"Above rising 50D, bullish stack, +12% vs 200D; mid-range","Above rising 50W, mixed stack, +17% vs 200W; mid-range","Above falling 20M, mixed stack, +19% vs 50M; mid-range","LT(M) flat, Wkly up, Daily up — counter-trend bounce inside a weak long-term trend.",BUY,5.6
2026-07-26 18:20,DIXON,NSE_EQ,13846.0,"Above rising 50D, bullish stack, +10% vs 200D; mid-range","Above rising 50W, mixed stack, +31% vs 200W; mid-range","Above falling 20M, mixed stack, +35% vs 50M; mid-range","LT(M) flat, Wkly up, Daily up — counter-trend bounce inside a weak long-term trend.",BUY,5.6
2026-07-26 18:20,AMBER,NSE_EQ,7261.5,"Below rising 50D, mixed stack, -1% vs 200D; mid-range","Below rising 50W, bullish stack, +33% vs 200W; mid-range","Above rising 20M, bullish stack, +36% vs 50M; mid-range","LT(M) up, Wkly up, Daily flat — uptrend intact, short-term pullback (dip-buy zone).",BUY,5.2
2026-07-26 18:20,ASIANPAINT,NSE_EQ,2637.9,"Below rising 50D, bullish stack, +3% vs 200D; mid-range","Above rising 50W, mixed stack, +0% vs 200W; mid-range","Above rising 20M, bearish stack, +1% vs 50M; mid-range","LT(M) up, Wkly up, Daily up — aligned uptrend across all TFs.",BUY,4.9
2026-07-26 18:20,SBILIFE,NSE_EQ,1858.6,"Above rising 50D, bearish stack, -0% vs 200D; mid-range","Above falling 50W, mixed stack, +17% vs 200W; mid-range","Above rising 20M, bullish stack, +18% vs 50M; mid-range","LT(M) up, Wkly flat, Daily up — long-term up but weekly weakening — wait for weekly to stabilize.",BUY,4.9
2026-07-26 18:20,PREMIERENE,NSE_EQ,1019.3,"Below rising 50D, bullish stack, +5% vs 200D; mid-range","Above rising 50W, mixed stack, -1% vs 200W; mid-range","Above rising 20M, bearish stack, -1% vs 50M; mid-range","LT(M) up, Wkly up, Daily up — aligned uptrend across all TFs.",BUY,4.9
2026-07-26 18:20,GODREJPROP,NSE_EQ,2028.7,"Above rising 50D, bullish stack, +6% vs 200D; mid-range","Above rising 50W, bearish stack, +4% vs 200W; mid-range","Above falling 20M, mixed stack, +5% vs 50M; mid-range","LT(M) flat, Wkly up, Daily up — counter-trend bounce inside a weak long-term trend.",BUY,4.3
2026-07-26 18:20,PAGEIND,NSE_EQ,40275.0,"Above rising 50D, bullish stack, +5% vs 200D; mid-range","Above rising 50W, bearish stack, +3% vs 200W; mid-range","Above falling 20M, mixed stack, +4% vs 50M; mid-range","LT(M) flat, Wkly up, Daily up — counter-trend bounce inside a weak long-term trend.",BUY,4.3
2026-07-26 18:20,OIL,NSE_EQ,449.75,"Above falling 50D, bearish stack, +0% vs 200D; mid-range","Above falling 50W, bullish stack, +22% vs 200W; mid-range","Above rising 20M, bullish stack, +24% vs 50M; mid-range","LT(M) up, Wkly up, Daily down — uptrend intact, short-term pullback (dip-buy zone).",BUY ON DIP,4.2
2026-07-26 18:20,BAJAJFINSV,NSE_EQ,1876.7,"Above rising 50D, mixed stack, +0% vs 200D; mid-range","Above falling 50W, mixed stack, +10% vs 200W; mid-range","Above falling 20M, bullish stack, +11% vs 50M; mid-range","LT(M) up, Wkly flat, Daily up — long-term up but weekly weakening — wait for weekly to stabilize.",BUY,3.3
2026-07-26 18:20,M&M,NSE_EQ,3161.4,"Above rising 50D, mixed stack, -2% vs 200D; mid-range","Below falling 50W, mixed stack, +24% vs 200W; mid-range","Above rising 20M, bullish stack, +28% vs 50M; mid-range","LT(M) up, Wkly down, Daily up — long-term up but weekly weakening — wait for weekly to stabilize.",BUY,3.3
2026-07-26 18:20,UNOMINDA,NSE_EQ,1127.0,"Above rising 50D, mixed stack, -1% vs 200D; mid-range","Below falling 50W, mixed stack, +24% vs 200W; mid-range","Above rising 20M, bullish stack, +27% vs 50M; mid-range","LT(M) up, Wkly down, Daily up — long-term up but weekly weakening — wait for weekly to stabilize.",BUY,3.3
2026-07-26 18:20,AXISBANK,NSE_EQ,1227.3,"Below falling 50D, mixed stack, -4% vs 200D; mid-range","Below rising 50W, bullish stack, +12% vs 200W; mid-range","Above rising 20M, bullish stack, +14% vs 50M; mid-range","LT(M) up, Wkly up, Daily down — uptrend intact, short-term pullback (dip-buy zone).",BUY,3.2
2026-07-26 18:20,BEL,NSE_EQ,405.0,"Below falling 50D, mixed stack, -2% vs 200D; mid-range","Below rising 50W, bullish stack, +39% vs 200W; mid-range","Above rising 20M, bullish stack, +43% vs 50M; mid-range","LT(M) up, Wkly up, Daily down — uptrend intact, short-term pullback (dip-buy zone).",BUY,3.2
2026-07-26 18:20,COALINDIA,NSE_EQ,427.4,"Below falling 50D, mixed stack, -1% vs 200D; mid-range","Below rising 50W, bullish stack, +15% vs 200W; mid-range","Above rising 20M, bullish stack, +16% vs 50M; mid-range","LT(M) up, Wkly up, Daily down — uptrend intact, short-term pullback (dip-buy zone).",BUY,3.2
2026-07-26 18:20,HDFCAMC,NSE_EQ,2505.7,"Below falling 50D, mixed stack, -4% vs 200D; mid-range","Below rising 50W, bullish stack, +20% vs 200W; mid-range","Above rising 20M, bullish stack, +23% vs 50M; mid-range","LT(M) up, Wkly up, Daily down — uptrend intact, short-term pullback (dip-buy zone).",BUY,3.2
2026-07-26 18:20,TATASTEEL,NSE_EQ,182.67,"Below falling 50D, mixed stack, -4% vs 200D; mid-range","Below rising 50W, bullish stack, +20% vs 200W; mid-range","Above rising 20M, bullish stack, +21% vs 50M; mid-range","LT(M) up, Wkly up, Daily down — uptrend intact, short-term pullback (dip-buy zone).",BUY,3.2
2026-07-26 18:20,PFC,NSE_EQ,411.9,"Below falling 50D, mixed stack, -1% vs 200D; mid-range","Below rising 50W, bullish stack, +18% vs 200W; mid-range","Above rising 20M, bullish stack, +21% vs 50M; mid-range","LT(M) up, Wkly up, Daily down — uptrend intact, short-term pullback (dip-buy zone).",BUY,3.2
2026-07-26 18:20,CIPLA,NSE_EQ,1410.6,"Above rising 50D, bullish stack, +0% vs 200D; mid-range","Above rising 50W, mixed stack, +7% vs 200W; mid-range","Below falling 20M, mixed stack, +8% vs 50M; mid-range","LT(M) down, Wkly up, Daily up — counter-trend bounce inside a weak long-term trend.",ACCUMULATE / HOLD,3.0
2026-07-26 18:20,GAIL,NSE_EQ,170.02,"Above rising 50D, bullish stack, +1% vs 200D; mid-range","Above rising 50W, mixed stack, +7% vs 200W; mid-range","Below falling 20M, mixed stack, +8% vs 50M; mid-range","LT(M) down, Wkly up, Daily up — counter-trend bounce inside a weak long-term trend.",ACCUMULATE / HOLD,3.0
2026-07-26 18:20,KALYANKJIL,NSE_EQ,573.55,"Above rising 50D, bullish stack, +30% vs 200D; mid-range","Above falling 50W, mixed stack, +46% vs 200W; near highs","Above falling 20M, mixed stack, +49% vs 50M; near highs","LT(M) flat, Wkly flat, Daily up — mixed signals — no clean edge.",BUY,3.0
2026-07-26 18:20,MFSL,NSE_EQ,1515.5,"Below falling 50D, bearish stack, -5% vs 200D; near lows","Below rising 50W, bullish stack, +21% vs 200W; near lows","Above rising 20M, bullish stack, +24% vs 50M; near lows","LT(M) up, Wkly up, Daily down — uptrend intact, short-term pullback (dip-buy zone).",ACCUMULATE / HOLD,2.2
2026-07-26 18:20,PGEL,NSE_EQ,572.45,"Above rising 50D, mixed stack, +1% vs 200D; mid-range","Above falling 50W, mixed stack, +25% vs 200W; mid-range","Above falling 20M, mixed stack, +29% vs 50M; mid-range","LT(M) flat, Wkly flat, Daily up — mixed signals — no clean edge.",ACCUMULATE / HOLD,2.0
2026-07-26 18:20,SHREECEM,NSE_EQ,26740.0,"Above rising 50D, mixed stack, +2% vs 200D; mid-range","Above falling 50W, mixed stack, +2% vs 200W; mid-range","Above falling 20M, mixed stack, +3% vs 50M; mid-range","LT(M) flat, Wkly flat, Daily up — mixed signals — no clean edge.",ACCUMULATE / HOLD,2.0
2026-07-26 18:20,COFORGE,NSE_EQ,1484.7,"Above rising 50D, mixed stack, +1% vs 200D; mid-range","Above falling 50W, mixed stack, +14% vs 200W; mid-range","Above falling 20M, mixed stack, +16% vs 50M; mid-range","LT(M) flat, Wkly flat, Daily up — mixed signals — no clean edge.",ACCUMULATE / HOLD,2.0
2026-07-26 18:20,NHPC,NSE_EQ,79.39,"Above rising 50D, mixed stack, +0% vs 200D; mid-range","Below falling 50W, mixed stack, +12% vs 200W; mid-range","Below rising 20M, bullish stack, +14% vs 50M; mid-range","LT(M) up, Wkly down, Daily up — long-term up but weekly weakening — wait for weekly to stabilize.",ACCUMULATE / HOLD,0.7
2026-07-26 18:20,PERSISTENT,NSE_EQ,5200.5,"Above rising 50D, mixed stack, -1% vs 200D; mid-range","Below falling 50W, mixed stack, +19% vs 200W; mid-range","Above falling 20M, bullish stack, +23% vs 50M; mid-range","LT(M) up, Wkly down, Daily up — long-term up but weekly weakening — wait for weekly to stabilize.",ACCUMULATE / HOLD,0.7
2026-07-26 18:20,PNB,NSE_EQ,110.38,"Above rising 50D, mixed stack, -1% vs 200D; mid-range","Below falling 50W, mixed stack, +14% vs 200W; mid-range","Above falling 20M, bullish stack, +15% vs 50M; mid-range","LT(M) up, Wkly down, Daily up — long-term up but weekly weakening — wait for weekly to stabilize.",ACCUMULATE / HOLD,0.7
2026-07-26 18:20,LT,NSE_EQ,3785.6,"Below falling 50D, mixed stack, -3% vs 200D; mid-range","Below rising 50W, bullish stack, +15% vs 200W; mid-range","Below rising 20M, bullish stack, +16% vs 50M; mid-range","LT(M) up, Wkly up, Daily down — uptrend intact, short-term pullback (dip-buy zone).",ACCUMULATE / HOLD,0.6
2026-07-26 18:20,DRREDDY,NSE_EQ,1151.7,"Below falling 50D, mixed stack, -9% vs 200D; near lows","Below rising 50W, bullish stack, -1% vs 200W; near lows","Below rising 20M, bullish stack, -0% vs 50M; near lows","LT(M) up, Wkly up, Daily down — uptrend intact, short-term pullback (dip-buy zone).",ACCUMULATE / HOLD,0.6
2026-07-26 18:20,HINDZINC,NSE_EQ,531.95,"Below falling 50D, mixed stack, -4% vs 200D; mid-range","Below falling 50W, bullish stack, +17% vs 200W; mid-range","Above rising 20M, bullish stack, +19% vs 50M; mid-range","LT(M) up, Wkly down, Daily down — long-term up but weekly weakening — wait for weekly to stabilize.",ACCUMULATE / HOLD,0.6
2026-07-26 18:20,INDUSTOWER,NSE_EQ,394.6,"Below falling 50D, bearish stack, -4% vs 200D; mid-range","Below falling 50W, bullish stack, +17% vs 200W; mid-range","Above rising 20M, bullish stack, +18% vs 50M; mid-range","LT(M) up, Wkly down, Daily down — long-term up but weekly weakening — wait for weekly to stabilize.",WATCH,-0.4
2026-07-26 18:20,APLAPOLLO,NSE_EQ,1822.8,"Below falling 50D, bearish stack, -2% vs 200D; mid-range","Below falling 50W, bullish stack, +19% vs 200W; mid-range","Above rising 20M, bullish stack, +22% vs 50M; mid-range","LT(M) up, Wkly down, Daily down — long-term up but weekly weakening — wait for weekly to stabilize.",WATCH,-0.4
2026-07-26 18:20,POWERGRID,NSE_EQ,288.2,"Below falling 50D, bearish stack, -1% vs 200D; mid-range","Below falling 50W, bullish stack, +12% vs 200W; mid-range","Above rising 20M, bullish stack, +13% vs 50M; mid-range","LT(M) up, Wkly down, Daily down — long-term up but weekly weakening — wait for weekly to stabilize.",WATCH,-0.4
2026-07-26 18:20,MUTHOOTFIN,NSE_EQ,2986.7,"Below falling 50D, bearish stack, -7% vs 200D; mid-range","Below falling 50W, bullish stack, +29% vs 200W; mid-range","Above rising 20M, bullish stack, +33% vs 50M; mid-range","LT(M) up, Wkly down, Daily down — long-term up but weekly weakening — wait for weekly to stabilize.",WATCH,-0.4
2026-07-26 18:20,CANBK,NSE_EQ,125.65,"Below falling 50D, bearish stack, -5% vs 200D; mid-range","Below falling 50W, bullish stack, +22% vs 200W; mid-range","Above rising 20M, bullish stack, +24% vs 50M; mid-range","LT(M) up, Wkly down, Daily down — long-term up but weekly weakening — wait for weekly to stabilize.",WATCH,-0.4
2026-07-26 18:20,ASHOKLEY,NSE_EQ,151.07,"Below falling 50D, bearish stack, -5% vs 200D; mid-range","Below falling 50W, bullish stack, +26% vs 200W; mid-range","Above rising 20M, bullish stack, +28% vs 50M; mid-range","LT(M) up, Wkly down, Daily down — long-term up but weekly weakening — wait for weekly to stabilize.",WATCH,-0.4
2026-07-26 18:20,FORCEMOT,NSE_EQ,17620.0,"Below falling 50D, bearish stack, -6% vs 200D; mid-range","Below falling 50W, bullish stack, +58% vs 200W; mid-range","Above rising 20M, bullish stack, +63% vs 50M; near lows","LT(M) up, Wkly down, Daily down — long-term up but weekly weakening — wait for weekly to stabilize.",WATCH,-0.4
2026-07-26 18:20,NAUKRI,NSE_EQ,1165.5,"Above rising 50D, mixed stack, +2% vs 200D; mid-range","Above falling 50W, mixed stack, +1% vs 200W; mid-range","Below falling 20M, mixed stack, +3% vs 50M; mid-range","LT(M) down, Wkly flat, Daily up — mixed signals — no clean edge.",WATCH,-0.6
2026-07-26 18:20,VBL,NSE_EQ,457.2,"Below falling 50D, mixed stack, -6% vs 200D; mid-range","Below rising 50W, bullish stack, +6% vs 200W; mid-range","Below rising 20M, mixed stack, +8% vs 50M; mid-range","LT(M) flat, Wkly up, Daily down — mixed signals — no clean edge.",WATCH,-0.7
2026-07-26 18:20,SUZLON,NSE_EQ,52.28,"Below falling 50D, mixed stack, -1% vs 200D; mid-range","Below rising 50W, mixed stack, +18% vs 200W; mid-range","Below rising 20M, bullish stack, +20% vs 50M; mid-range","LT(M) up, Wkly flat, Daily down — long-term up but weekly weakening — wait for weekly to stabilize.",WATCH,-0.7
2026-07-26 18:20,TIINDIA,NSE_EQ,2767.0,"Below falling 50D, mixed stack, -4% vs 200D; mid-range","Below rising 50W, bullish stack, -2% vs 200W; mid-range","Below rising 20M, mixed stack, -1% vs 50M; mid-range","LT(M) flat, Wkly up, Daily down — mixed signals — no clean edge.",WATCH,-0.7
2026-07-26 18:20,SRF,NSE_EQ,2664.7,"Below rising 50D, mixed stack, -3% vs 200D; mid-range","Below rising 50W, mixed stack, +6% vs 200W; mid-range","Below falling 20M, bullish stack, +8% vs 50M; mid-range","LT(M) down, Wkly flat, Daily flat — mixed signals — no clean edge.",WATCH,-1.3
2026-07-26 18:20,LICI,NSE_EQ,421.3,"Below rising 50D, bullish stack, -0% vs 200D; mid-range","Below rising 50W, mixed stack, +0% vs 200W; mid-range","Below falling 20M, mixed stack, +1% vs 50M; mid-range","LT(M) down, Wkly flat, Daily up — mixed signals — no clean edge.",WATCH,-1.6
2026-07-26 18:20,NBCC,NSE_EQ,93.84,"Below falling 50D, bearish stack, -6% vs 200D; mid-range","Below rising 50W, mixed stack, +14% vs 200W; mid-range","Below rising 20M, bullish stack, +16% vs 50M; mid-range","LT(M) up, Wkly flat, Daily down — long-term up but weekly weakening — wait for weekly to stabilize.",WATCH,-1.7
2026-07-26 18:20,BPCL,NSE_EQ,310.15,"Above rising 50D, mixed stack, -3% vs 200D; mid-range","Below falling 50W, mixed stack, +9% vs 200W; mid-range","Below falling 20M, bullish stack, +10% vs 50M; mid-range","LT(M) down, Wkly down, Daily up — mixed signals — no clean edge.",WATCH,-1.9
2026-07-26 18:20,DMART,NSE_EQ,4018.8,"Below falling 50D, mixed stack, -2% vs 200D; mid-range","Below falling 50W, bullish stack, +2% vs 200W; mid-range","Below rising 20M, bullish stack, +3% vs 50M; mid-range","LT(M) up, Wkly down, Daily down — long-term up but weekly weakening — wait for weekly to stabilize.",WATCH,-2.0
2026-07-26 18:20,HEROMOTOCO,NSE_EQ,5011.1,"Above falling 50D, bearish stack, -3% vs 200D; mid-range","Below falling 50W, mixed stack, +13% vs 200W; mid-range","Above falling 20M, bullish stack, +15% vs 50M; near lows","LT(M) up, Wkly down, Daily down — long-term up but weekly weakening — wait for weekly to stabilize.",WATCH,-2.3
2026-07-26 18:20,BRITANNIA,NSE_EQ,5379.5,"Above rising 50D, bearish stack, -3% vs 200D; mid-range","Below falling 50W, mixed stack, +6% vs 200W; mid-range","Below falling 20M, bullish stack, +7% vs 50M; near lows","LT(M) down, Wkly down, Daily up — mixed signals — no clean edge.",WATCH,-2.9
2026-07-26 18:20,TATACONSUM,NSE_EQ,1088.0,"Below falling 50D, bearish stack, -3% vs 200D; mid-range","Below falling 50W, bullish stack, +9% vs 200W; near lows","Below rising 20M, bullish stack, +11% vs 50M; mid-range","LT(M) up, Wkly down, Daily down — long-term up but weekly weakening — wait for weekly to stabilize.",AVOID,-3.0
2026-07-26 18:20,ONGC,NSE_EQ,248.76,"Below falling 50D, bearish stack, -4% vs 200D; mid-range","Below falling 50W, bullish stack, +8% vs 200W; mid-range","Below rising 20M, bullish stack, +9% vs 50M; mid-range","LT(M) up, Wkly down, Daily down — long-term up but weekly weakening — wait for weekly to stabilize.",AVOID,-3.0
2026-07-26 18:20,TATAPOWER,NSE_EQ,374.4,"Below falling 50D, bearish stack, -5% vs 200D; mid-range","Below falling 50W, bullish stack, +10% vs 200W; mid-range","Below rising 20M, bullish stack, +12% vs 50M; near lows","LT(M) up, Wkly down, Daily down — long-term up but weekly weakening — wait for weekly to stabilize.",AVOID,-3.0
2026-07-26 18:20,JINDALSTEL,NSE_EQ,1035.8,"Below falling 50D, bearish stack, -6% vs 200D; mid-range","Below falling 50W, bullish stack, +19% vs 200W; mid-range","Below rising 20M, bullish stack, +21% vs 50M; mid-range","LT(M) up, Wkly down, Daily down — long-term up but weekly weakening — wait for weekly to stabilize.",AVOID,-3.0
2026-07-26 18:20,NTPC,NSE_EQ,347.2,"Below falling 50D, bearish stack, -4% vs 200D; mid-range","Below falling 50W, bullish stack, +14% vs 200W; mid-range","Below rising 20M, bullish stack, +15% vs 50M; mid-range","LT(M) up, Wkly down, Daily down — long-term up but weekly weakening — wait for weekly to stabilize.",AVOID,-3.0
2026-07-26 18:20,RECLTD,NSE_EQ,361.6,"Above rising 50D, mixed stack, -0% vs 200D; mid-range","Below falling 50W, mixed stack, +6% vs 200W; mid-range","Below falling 20M, mixed stack, +8% vs 50M; mid-range","LT(M) down, Wkly down, Daily up — mixed signals — no clean edge.",AVOID,-3.2
2026-07-26 18:20,DALBHARAT,NSE_EQ,1810.8,"Above rising 50D, mixed stack, -5% vs 200D; mid-range","Below falling 50W, mixed stack, -4% vs 200W; mid-range","Below falling 20M, mixed stack, -3% vs 50M; mid-range","LT(M) down, Wkly down, Daily up — mixed signals — no clean edge.",AVOID,-3.2
2026-07-26 18:20,GODREJCP,NSE_EQ,1059.5,"Above rising 50D, mixed stack, -4% vs 200D; mid-range","Below falling 50W, mixed stack, -3% vs 200W; mid-range","Below falling 20M, mixed stack, -2% vs 50M; mid-range","LT(M) down, Wkly down, Daily up — mixed signals — no clean edge.",AVOID,-3.2
2026-07-26 18:20,DLF,NSE_EQ,645.2,"Above rising 50D, mixed stack, -0% vs 200D; mid-range","Below falling 50W, mixed stack, +2% vs 200W; mid-range","Below falling 20M, mixed stack, +5% vs 50M; mid-range","LT(M) down, Wkly down, Daily up — mixed signals — no clean edge.",AVOID,-3.2
2026-07-26 18:20,BAJAJHLDNG,NSE_EQ,10679.0,"Above rising 50D, mixed stack, -2% vs 200D; mid-range","Below falling 50W, mixed stack, +12% vs 200W; mid-range","Below falling 20M, mixed stack, +15% vs 50M; mid-range","LT(M) down, Wkly down, Daily up — mixed signals — no clean edge.",AVOID,-3.2
2026-07-26 18:20,HYUNDAI,NSE_EQ,1952.6,"Above rising 50D, mixed stack, -4% vs 200D; mid-range","Below falling 50W, mixed stack, -0% vs 200W; mid-range","Below falling 20M, mixed stack, +0% vs 50M; mid-range","LT(M) down, Wkly down, Daily up — mixed signals — no clean edge.",AVOID,-3.2
2026-07-26 18:20,VOLTAS,NSE_EQ,1327.3,"Above rising 50D, mixed stack, -2% vs 200D; mid-range","Below falling 50W, mixed stack, +6% vs 200W; mid-range","Below falling 20M, mixed stack, +8% vs 50M; mid-range","LT(M) down, Wkly down, Daily up — mixed signals — no clean edge.",AVOID,-3.2
2026-07-26 18:20,BANDHANBNK,NSE_EQ,165.93,"Below falling 50D, mixed stack, -8% vs 200D; mid-range","Below rising 50W, mixed stack, -20% vs 200W; mid-range","Below rising 20M, bearish stack, -21% vs 50M; mid-range","LT(M) down, Wkly flat, Daily down — mixed signals — no clean edge.",AVOID,-3.3
2026-07-26 18:20,MARUTI,NSE_EQ,13442.0,"Below falling 50D, mixed stack, -4% vs 200D; mid-range","Below falling 50W, mixed stack, +11% vs 200W; mid-range","Below rising 20M, bullish stack, +13% vs 50M; mid-range","LT(M) up, Wkly down, Daily down — long-term up but weekly weakening — wait for weekly to stabilize.",AVOID,-3.3
2026-07-26 18:20,HINDPETRO,NSE_EQ,381.1,"Below rising 50D, mixed stack, -5% vs 200D; mid-range","Below falling 50W, mixed stack, +13% vs 200W; mid-range","Below falling 20M, bullish stack, +15% vs 50M; mid-range","LT(M) down, Wkly down, Daily flat — mixed signals — no clean edge.",AVOID,-3.9
2026-07-26 18:20,WAAREEENER,NSE_EQ,2702.0,"Below falling 50D, bearish stack, -10% vs 200D; mid-range","Below falling 50W, mixed stack, -7% vs 200W; mid-range","Below rising 20M, bullish stack, -5% vs 50M; near lows","LT(M) up, Wkly down, Daily down — long-term up but weekly weakening — wait for weekly to stabilize.",AVOID,-4.3
2026-07-26 18:20,POLICYBZR,NSE_EQ,1537.2,"Below falling 50D, bearish stack, -6% vs 200D; mid-range","Below falling 50W, mixed stack, +7% vs 200W; mid-range","Below rising 20M, bullish stack, +9% vs 50M; mid-range","LT(M) up, Wkly down, Daily down — long-term up but weekly weakening — wait for weekly to stabilize.",AVOID,-4.3
2026-07-26 18:20,BANKBARODA,NSE_EQ,246.45,"Below falling 50D, bearish stack, -8% vs 200D; mid-range","Below falling 50W, mixed stack, +8% vs 200W; mid-range","Below rising 20M, bullish stack, +9% vs 50M; mid-range","LT(M) up, Wkly down, Daily down — long-term up but weekly weakening — wait for weekly to stabilize.",AVOID,-4.3
2026-07-26 18:20,MAZDOCK,NSE_EQ,2293.8,"Below falling 50D, bearish stack, -8% vs 200D; mid-range","Below falling 50W, mixed stack, +21% vs 200W; mid-range","Below rising 20M, bullish stack, +26% vs 50M; mid-range","LT(M) up, Wkly down, Daily down — long-term up but weekly weakening — wait for weekly to stabilize.",AVOID,-4.3
2026-07-26 18:20,HCLTECH,NSE_EQ,1271.0,"Above rising 50D, mixed stack, -6% vs 200D; mid-range","Below falling 50W, bearish stack, -8% vs 200W; mid-range","Below falling 20M, mixed stack, -6% vs 50M; mid-range","LT(M) down, Wkly down, Daily up — mixed signals — no clean edge.",AVOID,-4.5
2026-07-26 18:20,COLPAL,NSE_EQ,2086.1,"Above rising 50D, mixed stack, -2% vs 200D; mid-range","Below falling 50W, bearish stack, -5% vs 200W; mid-range","Below falling 20M, mixed stack, -4% vs 50M; mid-range","LT(M) down, Wkly down, Daily up — mixed signals — no clean edge.",AVOID,-4.5
2026-07-26 18:20,TRENT,NSE_EQ,2890.5,"Below falling 50D, mixed stack, -1% vs 200D; mid-range","Below rising 50W, mixed stack, +10% vs 200W; mid-range","Below falling 20M, mixed stack, +12% vs 50M; mid-range","LT(M) down, Wkly flat, Daily down — mixed signals — no clean edge.",AVOID,-4.6
2026-07-26 18:20,BLUESTARCO,NSE_EQ,1637.2,"Below rising 50D, bearish stack, -6% vs 200D; mid-range","Below falling 50W, mixed stack, +13% vs 200W; mid-range","Below falling 20M, bullish stack, +17% vs 50M; near lows","LT(M) down, Wkly down, Daily down — aligned downtrend — avoid longs.",AVOID,-4.9
2026-07-26 18:20,MPHASIS,NSE_EQ,2288.1,"Below rising 50D, mixed stack, -6% vs 200D; mid-range","Below falling 50W, mixed stack, -6% vs 200W; mid-range","Below falling 20M, mixed stack, -4% vs 50M; mid-range","LT(M) down, Wkly down, Daily flat — mixed signals — no clean edge.",AVOID,-5.2
2026-07-26 18:20,LTM,NSE_EQ,4091.8,"Above rising 50D, bearish stack, -12% vs 200D; mid-range","Below falling 50W, bearish stack, -17% vs 200W; mid-range","Below falling 20M, mixed stack, -15% vs 50M; mid-range","LT(M) down, Wkly down, Daily up — mixed signals — no clean edge.",AVOID,-5.5
2026-07-26 18:20,LICHSGFIN,NSE_EQ,538.95,"Below falling 50D, bearish stack, -2% vs 200D; mid-range","Below rising 50W, mixed stack, +1% vs 200W; mid-range","Below falling 20M, mixed stack, +1% vs 50M; mid-range","LT(M) down, Wkly flat, Daily down — mixed signals — no clean edge.",AVOID,-5.6
2026-07-26 18:20,SUPREMEIND,NSE_EQ,3458.9,"Above falling 50D, bearish stack, -6% vs 200D; mid-range","Below falling 50W, mixed stack, -5% vs 200W; mid-range","Below falling 20M, mixed stack, -3% vs 50M; mid-range","LT(M) down, Wkly down, Daily down — aligned downtrend — avoid longs.",SELL / AVOID,-6.2
2026-07-26 18:20,KFINTECH,NSE_EQ,857.75,"Below rising 50D, bearish stack, -10% vs 200D; mid-range","Below falling 50W, mixed stack, +4% vs 200W; mid-range","Below falling 20M, mixed stack, +7% vs 50M; near lows","LT(M) down, Wkly down, Daily down — aligned downtrend — avoid longs.",SELL / AVOID,-6.2
2026-07-26 18:20,TCS,NSE_EQ,2254.3,"Above rising 50D, bearish stack, -14% vs 200D; mid-range","Below falling 50W, bearish stack, -29% vs 200W; mid-range","Below falling 20M, bearish stack, -28% vs 50M; mid-range","LT(M) down, Wkly down, Daily up — mixed signals — no clean edge.",SELL / AVOID,-6.8
2026-07-26 18:20,GODFRYPHLP,NSE_EQ,2129.6,"Below falling 50D, bearish stack, -9% vs 200D; mid-range","Below falling 50W, mixed stack, +18% vs 200W; mid-range","Below falling 20M, bullish stack, +22% vs 50M; mid-range","LT(M) down, Wkly down, Daily down — aligned downtrend — avoid longs.",SELL / AVOID,-6.9
2026-07-26 18:20,BDL,NSE_EQ,1243.0,"Below falling 50D, bearish stack, -9% vs 200D; mid-range","Below falling 50W, mixed stack, +13% vs 200W; mid-range","Below falling 20M, bullish stack, +16% vs 50M; mid-range","LT(M) down, Wkly down, Daily down — aligned downtrend — avoid longs.",SELL / AVOID,-6.9
2026-07-26 18:20,COCHINSHIP,NSE_EQ,1392.4,"Below falling 50D, bearish stack, -10% vs 200D; mid-range","Below falling 50W, mixed stack, +11% vs 200W; mid-range","Below falling 20M, bullish stack, +15% vs 50M; mid-range","LT(M) down, Wkly down, Daily down — aligned downtrend — avoid longs.",SELL / AVOID,-6.9
2026-07-26 18:20,IOC,NSE_EQ,138.47,"Below falling 50D, bearish stack, -7% vs 200D; mid-range","Below falling 50W, mixed stack, +4% vs 200W; near lows","Below falling 20M, bullish stack, +6% vs 50M; near lows","LT(M) down, Wkly down, Daily down — aligned downtrend — avoid longs.",SELL / AVOID,-6.9
2026-07-26 18:20,KOTAKBANK,NSE_EQ,384.75,"Below falling 50D, bearish stack, -3% vs 200D; mid-range","Below falling 50W, mixed stack, +1% vs 200W; mid-range","Below falling 20M, bullish stack, +3% vs 50M; mid-range","LT(M) down, Wkly down, Daily down — aligned downtrend — avoid longs.",SELL / AVOID,-6.9
2026-07-26 18:20,ASTRAL,NSE_EQ,1468.1,"Above falling 50D, bearish stack, -2% vs 200D; mid-range","Below falling 50W, bearish stack, -5% vs 200W; mid-range","Below falling 20M, mixed stack, -4% vs 50M; mid-range","LT(M) down, Wkly down, Daily down — aligned downtrend — avoid longs.",SELL / AVOID,-7.5
2026-07-26 18:20,HAVELLS,NSE_EQ,1226.9,"Above falling 50D, bearish stack, -7% vs 200D; mid-range","Below falling 50W, bearish stack, -11% vs 200W; mid-range","Below falling 20M, mixed stack, -10% vs 50M; mid-range","LT(M) down, Wkly down, Daily down — aligned downtrend — avoid longs.",SELL / AVOID,-7.5
2026-07-26 18:20,CONCOR,NSE_EQ,477.55,"Below rising 50D, mixed stack, -5% vs 200D; mid-range","Below falling 50W, bearish stack, -15% vs 200W; mid-range","Below falling 20M, bearish stack, -14% vs 50M; mid-range","LT(M) down, Wkly down, Daily flat — mixed signals — no clean edge.",SELL / AVOID,-7.8
2026-07-26 18:20,UPL,NSE_EQ,602.45,"Below falling 50D, bearish stack, -7% vs 200D; mid-range","Below falling 50W, mixed stack, -4% vs 200W; near lows","Below falling 20M, mixed stack, -3% vs 50M; mid-range","LT(M) down, Wkly down, Daily down — aligned downtrend — avoid longs.",SELL / AVOID,-8.2
2026-07-26 18:20,HDFCBANK,NSE_EQ,742.8,"Below falling 50D, bearish stack, -12% vs 200D; near lows","Below falling 50W, mixed stack, -11% vs 200W; near lows","Below falling 20M, mixed stack, -10% vs 50M; near lows","LT(M) down, Wkly down, Daily down — aligned downtrend — avoid longs.",SELL / AVOID,-8.2
2026-07-26 18:20,HDFCLIFE,NSE_EQ,555.05,"Below falling 50D, bearish stack, -14% vs 200D; near lows","Below falling 50W, mixed stack, -15% vs 200W; near lows","Below falling 20M, mixed stack, -14% vs 50M; near lows","LT(M) down, Wkly down, Daily down — aligned downtrend — avoid longs.",SELL / AVOID,-8.2
2026-07-26 18:20,IRFC,NSE_EQ,87.62,"Below falling 50D, bearish stack, -18% vs 200D; near lows","Below falling 50W, mixed stack, -15% vs 200W; near lows","Below falling 20M, mixed stack, -12% vs 50M; near lows","LT(M) down, Wkly down, Daily down — aligned downtrend — avoid longs.",SELL / AVOID,-8.2
2026-07-26 18:20,IREDA,NSE_EQ,120.48,"Below falling 50D, bearish stack, -10% vs 200D; mid-range","Below falling 50W, mixed stack, -9% vs 200W; mid-range","Below falling 20M, mixed stack, -8% vs 50M; mid-range","LT(M) down, Wkly down, Daily down — aligned downtrend — avoid longs.",SELL / AVOID,-8.2
2026-07-26 18:20,PETRONET,NSE_EQ,274.7,"Below falling 50D, bearish stack, -2% vs 200D; mid-range","Below falling 50W, mixed stack, +0% vs 200W; mid-range","Below falling 20M, mixed stack, +1% vs 50M; mid-range","LT(M) down, Wkly down, Daily down — aligned downtrend — avoid longs.",SELL / AVOID,-8.2
2026-07-26 18:20,VMM,NSE_EQ,108.04,"Below falling 50D, bearish stack, -11% vs 200D; mid-range","Below falling 50W, mixed stack, -5% vs 200W; mid-range","Below falling 20M, mixed stack, -7% vs 50M; near lows","LT(M) down, Wkly down, Daily down — aligned downtrend — avoid longs.",SELL / AVOID,-8.2
2026-07-26 18:20,PATANJALI,NSE_EQ,340.95,"Below falling 50D, bearish stack, -29% vs 200D; near lows","Below falling 50W, mixed stack, -29% vs 200W; near lows","Below falling 20M, mixed stack, -27% vs 50M; near lows","LT(M) down, Wkly down, Daily down — aligned downtrend — avoid longs.",SELL / AVOID,-8.2
2026-07-26 18:20,RELIANCE,NSE_EQ,1278.0,"Below falling 50D, bearish stack, -7% vs 200D; near lows","Below falling 50W, mixed stack, -1% vs 200W; near lows","Below falling 20M, mixed stack, -0% vs 50M; near lows","LT(M) down, Wkly down, Daily down — aligned downtrend — avoid longs.",SELL / AVOID,-8.2
2026-07-26 18:20,ICICIGI,NSE_EQ,1661.8,"Below falling 50D, bearish stack, -9% vs 200D; near lows","Below falling 50W, mixed stack, -2% vs 200W; near lows","Below falling 20M, mixed stack, -0% vs 50M; near lows","LT(M) down, Wkly down, Daily down — aligned downtrend — avoid longs.",SELL / AVOID,-8.2
2026-07-26 18:20,KAYNES,NSE_EQ,3176.2,"Below falling 50D, bearish stack, -22% vs 200D; mid-range","Below falling 50W, mixed stack, -15% vs 200W; near lows","Below falling 20M, mixed stack, -12% vs 50M; near lows","LT(M) down, Wkly down, Daily down — aligned downtrend — avoid longs.",SELL / AVOID,-8.2
2026-07-26 18:20,RVNL,NSE_EQ,224.53,"Below falling 50D, bearish stack, -22% vs 200D; near lows","Below falling 50W, mixed stack, -17% vs 200W; near lows","Below falling 20M, mixed stack, -15% vs 50M; near lows","LT(M) down, Wkly down, Daily down — aligned downtrend — avoid longs.",SELL / AVOID,-8.2
2026-07-26 18:20,SWIGGY,NSE_EQ,251.42,"Below rising 50D, bearish stack, -18% vs 200D; mid-range","Below falling 50W, bearish stack, -34% vs 200W; near lows","Below falling 20M, bearish stack, -37% vs 50M; mid-range","LT(M) down, Wkly down, Daily down — aligned downtrend — avoid longs.",SELL / AVOID,-8.8
2026-07-26 18:20,IEX,NSE_EQ,124.26,"Above falling 50D, bearish stack, -6% vs 200D; mid-range","Below falling 50W, bearish stack, -16% vs 200W; near lows","Below falling 20M, bearish stack, -14% vs 50M; mid-range","LT(M) down, Wkly down, Daily down — aligned downtrend — avoid longs.",SELL / AVOID,-8.8
2026-07-26 18:20,SBICARD,NSE_EQ,618.75,"Below rising 50D, bearish stack, -13% vs 200D; mid-range","Below falling 50W, bearish stack, -21% vs 200W; near lows","Below falling 20M, bearish stack, -20% vs 50M; near lows","LT(M) down, Wkly down, Daily down — aligned downtrend — avoid longs.",SELL / AVOID,-8.8
2026-07-26 18:20,PIIND,NSE_EQ,2731.2,"Below falling 50D, bearish stack, -11% vs 200D; mid-range","Below falling 50W, bearish stack, -17% vs 200W; near lows","Below falling 20M, mixed stack, -16% vs 50M; mid-range","LT(M) down, Wkly down, Daily down — aligned downtrend — avoid longs.",SELL / AVOID,-9.5
2026-07-26 18:20,AMBUJACEM,NSE_EQ,425.15,"Below falling 50D, bearish stack, -11% vs 200D; mid-range","Below falling 50W, bearish stack, -13% vs 200W; near lows","Below falling 20M, mixed stack, -12% vs 50M; mid-range","LT(M) down, Wkly down, Daily down — aligned downtrend — avoid longs.",SELL / AVOID,-9.5
2026-07-26 18:20,TMPV,NSE_EQ,323.8,"Below falling 50D, bearish stack, -12% vs 200D; mid-range","Below falling 50W, bearish stack, -16% vs 200W; mid-range","Below falling 20M, mixed stack, -14% vs 50M; mid-range","LT(M) down, Wkly down, Daily down — aligned downtrend — avoid longs.",SELL / AVOID,-9.5
2026-07-26 18:20,ICICIPRULI,NSE_EQ,500.55,"Below falling 50D, bearish stack, -11% vs 200D; mid-range","Below falling 50W, bearish stack, -13% vs 200W; mid-range","Below falling 20M, mixed stack, -12% vs 50M; near lows","LT(M) down, Wkly down, Daily down — aligned downtrend — avoid longs.",SELL / AVOID,-9.5
2026-07-26 18:20,INOXWIND,NSE_EQ,76.97,"Below falling 50D, bearish stack, -28% vs 200D; near lows","Below falling 50W, bearish stack, -30% vs 200W; near lows","Below falling 20M, mixed stack, -28% vs 50M; near lows","LT(M) down, Wkly down, Daily down — aligned downtrend — avoid longs.",SELL / AVOID,-9.5
2026-07-26 18:20,DABUR,NSE_EQ,423.2,"Below falling 50D, bearish stack, -9% vs 200D; near lows","Below falling 50W, bearish stack, -17% vs 200W; near lows","Below falling 20M, bearish stack, -16% vs 50M; near lows","LT(M) down, Wkly down, Daily down — aligned downtrend — avoid longs.",SELL / AVOID,-10.8
2026-07-26 18:20,CROMPTON,NSE_EQ,250.15,"Below falling 50D, bearish stack, -9% vs 200D; mid-range","Below falling 50W, bearish stack, -21% vs 200W; mid-range","Below falling 20M, bearish stack, -20% vs 50M; mid-range","LT(M) down, Wkly down, Daily down — aligned downtrend — avoid longs.",SELL / AVOID,-10.8
2026-07-26 18:20,JIOFIN,NSE_EQ,234.71,"Below falling 50D, bearish stack, -9% vs 200D; near lows","Below falling 50W, bearish stack, -12% vs 200W; near lows","Below falling 20M, bearish stack, -12% vs 50M; near lows","LT(M) down, Wkly down, Daily down — aligned downtrend — avoid longs.",SELL / AVOID,-10.8
2026-07-26 18:20,ITC,NSE_EQ,283.45,"Below falling 50D, bearish stack, -14% vs 200D; near lows","Below falling 50W, bearish stack, -22% vs 200W; near lows","Below falling 20M, bearish stack, -21% vs 50M; near lows","LT(M) down, Wkly down, Daily down — aligned downtrend — avoid longs.",SELL / AVOID,-10.8
2026-07-26 18:20,INFY,NSE_EQ,1040.9,"Below falling 50D, bearish stack, -20% vs 200D; mid-range","Below falling 50W, bearish stack, -29% vs 200W; near lows","Below falling 20M, bearish stack, -27% vs 50M; near lows","LT(M) down, Wkly down, Daily down — aligned downtrend — avoid longs.",SELL / AVOID,-10.8
2026-07-26 18:20,HINDUNILVR,NSE_EQ,2145.0,"Below falling 50D, bearish stack, -5% vs 200D; near lows","Below falling 50W, bearish stack, -8% vs 200W; near lows","Below falling 20M, bearish stack, -7% vs 50M; near lows","LT(M) down, Wkly down, Daily down — aligned downtrend — avoid longs.",SELL / AVOID,-10.8
2026-07-26 18:20,JUBLFOOD,NSE_EQ,418.25,"Below falling 50D, bearish stack, -16% vs 200D; near lows","Below falling 50W, bearish stack, -23% vs 200W; near lows","Below falling 20M, bearish stack, -23% vs 50M; near lows","LT(M) down, Wkly down, Daily down — aligned downtrend — avoid longs.",SELL / AVOID,-10.8
2026-07-26 18:20,KPITTECH,NSE_EQ,583.2,"Below falling 50D, bearish stack, -33% vs 200D; mid-range","Below falling 50W, bearish stack, -43% vs 200W; mid-range","Below falling 20M, bearish stack, -42% vs 50M; near lows","LT(M) down, Wkly down, Daily down — aligned downtrend — avoid longs.",SELL / AVOID,-10.8
2026-07-26 18:20,TATAELXSI,NSE_EQ,3538.0,"Below falling 50D, bearish stack, -23% vs 200D; near lows","Below falling 50W, bearish stack, -37% vs 200W; near lows","Below falling 20M, bearish stack, -36% vs 50M; near lows","LT(M) down, Wkly down, Daily down — aligned downtrend — avoid longs.",SELL / AVOID,-10.8
2026-07-26 18:20,WIPRO,NSE_EQ,177.12,"Below falling 50D, bearish stack, -16% vs 200D; near lows","Below falling 50W, bearish stack, -23% vs 200W; near lows","Below falling 20M, bearish stack, -22% vs 50M; near lows","LT(M) down, Wkly down, Daily down — aligned downtrend — avoid longs.",SELL / AVOID,-10.8
