timestamp,close,fast_rsi,mid_rsi,slow_rsi,fast_adx,mfe,mae,final_ret,window_days,fwd_1w,fwd_2w,fwd_30d,fwd_60d,fwd_90d,fwd_180d,fwd_365d
2017-06-19 12:15:00,9625.45,56.60480104918743,55.23542311978359,78.50784250730335,25.521771808123656,0.007625617503597137,-0.015791469489738086,-0.006810071217449698,9.875,-0.008358050792430571,-0.0021037977445210743,0.02595722797375699,0.017962796544576998,0.055410386007926915,0.0788170942657227,0.11352715976915362
2017-06-29 10:15:00,9557.0,45.11096017806382,44.431084462355685,77.378812133768,38.413023555843935,0.04906350319137798,-0.011326776184995335,0.04841477451082987,27.208333333333332,0.012671340378779927,0.033954169718530824,0.049691315266297,0.03688919116877676,0.028356178717170666,0.09726901747410288,0.11543371350842313
2017-07-27 09:15:00,10087.3999,74.46020729511534,73.53275238386027,73.31834435428,58.62639731537001,0.005035995450125785,-0.03984177329977767,-0.029338571181261486,18.25,-0.00539285648822152,-0.02317741958460473,-0.017259145243166296,-0.02295436904409831,0.016188522475449885,0.09493031995291479,0.11509407890134304
2017-08-16 09:15:00,9790.35,46.811310641981436,44.31276136786387,72.56705264270946,27.259797411495526,0.01608216253760064,-0.0016853330064808825,0.004504435490048975,2.25,0.001057163431338104,0.008922050794915481,0.027287073495840364,0.04484516896740165,0.04292492096809619,0.07303619380308168,0.16788470279407774
2017-08-21 09:15:00,9870.95,47.993160906834014,45.392601665171235,70.88273655047236,31.994482404517797,0.00555164396537311,-0.013256069577902818,0.0006838247585085888,9.0,0.004290367188568345,0.008560472902810812,0.02849269827118972,0.02999204737132688,0.040872448953747975,0.05326235063494389,0.17117400047614462
2017-08-30 10:15:00,9878.05,46.43544749020262,46.069549392762084,68.73393461261792,42.67708962750696,0.011171233188736585,-0.0021360491190061115,0.004702345098476002,6.083333333333333,0.0029054317400702967,0.023289009470492728,-0.006230986885063294,0.05017690738556713,0.05178653681647716,0.07014035158761112,0.18139712797566343
2017-09-05 13:15:00,9944.55,52.263225026745594,51.76699362405547,67.76678744141529,25.707335875132635,0.02237909206550337,-0.006234570694501063,0.021735523477683927,12.875,0.01250432649038924,0.02178580227360727,-0.0035798502697456103,0.04865478075931051,0.019171304885590823,0.042078324308289616,0.14656771799628965
2017-09-18 11:15:00,10162.2,65.08030301637947,64.6989198083329,68.57169046294915,38.060970419982034,0.0016433351046032385,-0.04670740587668043,-0.03496290173387662,10.916666666666666,-0.029609730176536675,-0.031769695538367726,0.002223918049241158,0.014957391116096952,0.02183582295172304,0.0009348369447561566,0.1196689594772784
2017-09-29 10:15:00,9816.5,43.84375863471706,38.97437151993038,64.39303069825554,36.17664396466733,0.025538633932664423,-0.004197015229460699,0.019986756990781007,12.958333333333334,0.015137778230530197,0.03508377731370649,0.056761574899404144,0.05838129679621051,0.07000458411857591,0.03096826771252492,0.10869454489889474
2017-10-12 10:15:00,10022.1,52.48897721990586,52.11976045998109,61.7419317169943,40.48421458657503,0.031769788766825346,-0.0015066702587281933,0.027050219015974708,13.083333333333334,0.014458047714550837,0.026900549784975247,0.025832909270512072,0.028227616966503888,0.060376567785194846,0.037866315442871334,0.041598068269125266
2017-10-25 13:15:00,10307.2,68.91848934515258,67.40414712287321,62.9496904230152,40.62594338954782,0.017773973533064202,-0.020684570009313896,-0.01056543969264212,22.0,0.012496119217634272,0.0009993014591740401,0.00835337434026684,0.017822483312635695,0.07267734205215759,0.0296879850977958,-0.01658065235951578
2017-11-16 14:15:00,10208.6,49.72823560555143,45.6443189345226,66.40189880669685,34.632609664901736,0.019189702799600195,-0.0013028329055894128,0.018758693650451574,11.0,0.013713927472915,0.0013322100973689466,0.017191387653546997,0.05213250592637575,0.028809043355602082,0.05843112669709849,0.04641183903767421
2017-11-27 15:15:00,10404.6,57.82617269466282,57.08373646751737,64.658099833097,26.292300263507173,0.00047094554331739147,-0.035686148434346365,-0.03036157084366531,9.75,-0.025767449012936594,-0.007487073025392532,0.006785460277185074,0.0707763873671261,0.015137535320915774,0.025238836668396658,0.026863118236164718
2017-12-07 10:15:00,10127.1,39.75615174504665,36.04149590485118,62.6988465134025,34.70907069753898,0.01994648023619794,-0.003900425590741663,0.009844861806440175,5.958333333333333,0.0035943162405822626,0.031815613551757105,0.047920915168212064,0.05229532640143786,0.006596152896683138,0.043990875966466225,0.05016243544548793
2017-12-13 10:15:00,10285.5,49.05456995913251,46.76748682371362,60.39828866073473,31.486763666807793,0.020358747751689332,-0.020485158718584362,0.019143444655097097,9.041666666666666,0.018637888289339433,0.024558844975937077,0.038073015410043265,0.021379602352826765,0.01664479121092799,0.05083854941422383,0.048573234164600576
2017-12-22 12:15:00,10488.6,62.27384028766117,60.06301942564384,60.882195241941616,22.154521481672425,0.006082785119081668,-0.008008695154739454,0.001439658295673496,13.083333333333334,0.0025074747821445253,0.004566863070381233,0.03976698510764076,-0.008704698434490843,-0.034446932860438984,0.026409625688843086,0.02257688347348541
2018-01-04 15:15:00,10505.8999,59.19059943305784,58.711095614350484,62.184391610562436,23.23659286540481,0.03632245725090133,-0.00030458123820498173,0.03529446344715326,13.791666666666666,0.013611399438519411,0.03012592952651305,0.015924395015414206,-0.014144433262685108,-0.03669366771712723,0.019217773053405995,0.021387991713113452
2018-01-18 11:15:00,10869.2,75.51013832394483,75.42822123193626,65.87431114762424,36.092569744859276,0.02781253450115928,-0.054557833143193624,-0.02899017406984883,20.916666666666668,0.017434585802083014,0.013331247929930345,-0.04347146064107754,-0.06603061862878601,-0.02766532955507317,0.008915099547344818,0.0004508151473889832
2018-02-08 10:15:00,10604.0,47.21821012628359,44.733105654580214,73.92841816489215,24.665157195566554,0.0031874669935874067,-0.028413806110901496,-0.020426263674085177,12.041666666666666,-0.0028762731044889023,-0.02324594492644283,-0.025499811391927585,-0.020841192003017706,0.011863438325160347,0.07258581667295361,0.03743870237646174
2018-02-20 12:15:00,10397.2999,37.7669785164631,36.3928606460091,64.96251648655746,25.979777387518883,0.022534706342364874,-0.024602531663052263,-0.01767765686935696,16.041666666666668,0.014628798001681265,0.00012504207943453416,-0.02596828047635713,0.018360545702831965,0.01320536113419224,0.11002856616649104,0.026930068642148086
2018-03-08 14:15:00,10227.7999,37.040375345211395,35.6190768162523,57.18492659692924,28.849353899366747,0.024521412469166615,-0.017863069456413583,-0.008789769146735016,12.041666666666666,0.013355756011613096,-0.011400291474220059,0.015135229620595103,0.0475468922695681,0.044496373066508665,0.12589217745646364,0.07906882300268703
2018-03-21 09:15:00,10217.2999,41.43274422730944,38.19913245255558,51.13895885192103,61.936208031996884,0.04918129103756663,-0.02597554173779315,0.046783397245685254,37.25,-0.010110293424978156,0.00455110454377472,0.03221007538400644,0.0351462718638611,0.053125591429493024,0.11762404077030175,0.13116969386403143
2018-04-30 09:15:00,10741.2,72.82514810592039,71.97386517143133,52.21649617208253,45.55161330288014,0.00474807284102341,-0.012996685658958063,-0.001312702491341744,8.0,-0.009049268238185748,0.008043793989498393,-0.014458356608200273,-0.00849999069005325,0.04919375861170061,-0.06192976576173992,0.08624734666517697
2018-05-08 10:15:00,10733.7999,67.41837542324787,67.14927855648808,54.489061477709534,40.68918174145173,0.018204186944084988,-0.029439714075534473,-0.02590880234314774,16.125,0.015334737141876609,-0.020775494426722108,0.004434589841757708,0.008151819562054685,0.06280161790606886,-0.01856750655469175,0.06360283463081884
2018-05-24 14:15:00,10513.2999,42.753750468829075,41.98166102506396,57.76204565703472,27.21090199420327,0.01939449097233492,-0.00552632385194296,0.010672205783837763,6.791666666666667,0.02085930222536514,0.024768636153906343,0.027631666818521916,0.05454995153329545,0.09929328659215741,0.014124965654218613,0.1260498713634146
2018-05-31 10:15:00,10650.6,49.399167134014796,47.88962126746222,56.27737828714587,27.91025240273987,0.01123879405855055,-0.009360984357688729,0.00034738887949981034,6.041666666666667,0.012280988864477038,0.012590839952678845,0.0001877828479146526,0.05938632565301494,0.10221020411995574,-0.002290950744558984,0.12910070794133666
2018-06-06 12:15:00,10653.2,49.90893462878917,49.87763274120623,57.41779522168635,21.76865773156957,0.022528442158224804,-0.003398040025532345,0.016426989073705656,16.083333333333332,0.020519646678932135,0.010550820410768491,0.01315096872301269,0.06880561709157806,0.08634964142229551,0.019271204896181393,0.11810534862764244
2018-06-22 15:15:00,10823.8999,58.2780479780056,54.93333849186525,59.86190683448536,28.248176666852434,0.0012010458448530326,-0.024593714138099076,-0.011428403915671792,6.916666666666667,-0.010495292921177124,-0.005247637221774348,0.01905968291521254,0.06896774793713667,0.046378847239708865,0.012666423494917867,0.08070104195993166
2018-06-29 14:15:00,10718.1,51.03625996378426,46.518271148207454,57.318862500460774,33.47557982555508,0.033606693350500594,-0.01058956344874562,0.029585467573543855,23.916666666666668,0.004674335936406759,0.028708437129715048,0.05145501534786945,0.09521277092021907,0.024043431205157617,0.0006157807820417194,0.10486000317220401
2018-07-23 13:15:00,11056.3999,64.35490719319243,64.01204408787251,61.092143479679066,32.0957158435609,0.04401071817237723,-0.0019536196406934048,0.04385695202649087,27.833333333333332,0.0227560600444634,0.030914230951432975,0.04529504219542568,0.0017094171856066875,-0.06484026504866203,-0.007696899602916862,0.03011830279402239
2018-08-20 10:15:00,11539.5,68.02884829552482,66.59382545454753,69.90153598993224,26.76952836325317,0.019116946141513935,-0.012626205641492305,0.0009619134277916164,18.041666666666668,0.010849690194549177,0.01430737900255652,-0.019723566878980914,-0.10670306339096147,-0.07201351878330953,-0.07475194765804405,-0.04527059231335839
2018-09-07 12:15:00,11577.7,56.35300210504748,54.642477540954715,72.35122759038953,22.54531911630239,0.002185235409450925,-0.028295775499451614,-0.010546136106480586,6.875,-0.008291802344161603,-0.04066438930012006,-0.10909766188448489,-0.08685662955509299,-0.07718286015357112,-0.04595904195133749,-0.05102049629891958
2018-09-14 10:15:00,11461.5,50.03433779137541,44.79714212853091,69.35947070578759,30.720622662097195,0.005383239541072449,-0.0519216594686559,-0.04057933952798498,11.041666666666666,-0.011551716616498675,-0.04111155607904726,-0.08851371984469747,-0.08659425031627621,-0.05901496313746013,-0.013383937529991674,-0.03764777734153468
2018-09-25 12:15:00,10994.2999,35.81611954947114,35.5419175545271,65.4329050764714,59.78042824846467,0.013752590103531803,-0.07207371157848796,-0.058375695209114675,12.958333333333334,-0.004775201738857371,-0.06121353848097233,-0.07748560688252648,-0.04128502989080729,-0.02292096834651558,0.03359923809245924,0.044777757972565446
2018-10-08 12:15:00,10318.1,26.031738311451168,25.521338821752234,53.081656605075906,62.207082447021634,0.0646436843992595,-0.03039319254513917,0.05661894147178259,102.08333333333333,0.015215979686182601,0.0019092565491707347,0.026632800612515828,0.029336786811525295,0.04815809112142744,0.13055698239016866,0.07650633353039793
2019-01-18 15:15:00,10907.8999,55.79266698860562,54.899937106429086,51.012632912346334,19.171323018831547,0.007288295705757175,-0.02973073671128945,-0.024752702396911408,12.0,-0.012082976669047008,-0.0013843178007162393,-0.021177312050690844,0.05794883577910359,0.07697174595450762,0.07138863641387094,0.12864072029117168
2019-01-31 09:15:00,10692.7,45.9833771823059,41.12982225756132,51.62174663153557,30.642921774087366,0.0397747996296538,-0.00676163176746758,-0.0014308921039588585,19.041666666666668,0.03699719434754556,0.00502210854134133,0.015234692827817087,0.09467206598894573,0.10134015730358081,0.05084776529781987,0.12621694239995507
2019-02-19 11:15:00,10677.2,42.19797481918856,41.38905096999721,52.46663312633658,24.22345527377832,0.024575731465177997,-0.008579028209642958,0.010733141647622846,9.041666666666666,0.014029895478215204,0.020773236429026287,0.08244670887498584,0.09216834937998719,0.09792828644213825,0.04079720338665571,0.13260967294796377
2019-02-28 13:15:00,10838.2999,49.37137821046715,49.02833504181246,51.75110440211693,16.199731414361953,0.027771883300627298,-0.004936198526855673,0.027116808236686607,10.833333333333334,0.022097561629568885,0.046031213806881244,0.07996642536160126,0.07651569966245364,0.09723850693594493,0.023656855998236415,0.03995091517997218
2019-03-11 10:15:00,11142.1,64.41470988960245,63.77921264501889,53.31482978855402,31.156131584642445,0.04380682277129089,-0.0011039301388428013,0.041024582439576074,18.125,0.027615970059504003,0.01803071234327458,0.04561975749634262,0.017339630769783065,0.07231131474318131,-0.013920176627386205,-0.0646377343588731
2019-03-29 14:15:00,11621.0,72.04828404883217,71.35959242147568,63.5079672892942,46.80800700124865,0.012047156010670301,-0.006187075122622843,0.003949737544101328,16.791666666666668,0.0030203941141038193,0.0020996385853198074,0.004009981929266049,0.026477927889166253,0.01939591257206774,-0.013957499354616654,-0.270316668100852
2019-04-15 10:15:00,11673.1,60.82472645449167,60.118306699017936,68.00350704698333,25.962488193781667,0.015762736548132095,-0.00927774969802364,0.004360452664673442,9.208333333333334,-0.0006767696670121337,-0.00047116875551478365,-0.0342925272635376,0.0156770695016748,-0.009072140219821612,-0.028904061474672504,-0.20903616006030967
2019-04-25 09:15:00,11752.1,60.00859164621883,56.86539855012537,70.34489917760877,33.18478425308931,0.00379506641366234,-0.010874660698938943,-0.00108066643408411,5.25,0.0020591979305826236,-0.036257349750257406,0.01141922720194688,-0.00465449579224142,-0.042120131721139153,-0.008177261936164637,-0.21856519260387508
2019-05-02 09:15:00,11776.2999,57.60559018398526,56.848503585785686,70.44595781728566,16.606634636964085,0.001103912104004845,-0.05672409888270591,-0.05273303204515023,12.125,-0.03823780846477931,-0.05156117839695973,0.01697477999859709,0.005579010432640308,-0.06276164043682342,-0.007285811394799779,-0.2037566910129387
2019-05-14 13:15:00,11248.5,34.070263978671605,32.13458079495151,65.8195399649141,51.843537527949074,0.07046272836378198,-0.009921331733119931,0.050148908743387954,10.0,0.042983508912299406,0.058069964884206904,0.057678792727919204,0.028332666577765897,-0.016695559407921,0.05863892963506245,-0.16547095168244652
2019-05-24 14:15:00,11838.5,54.5416954505157,53.33073554331244,61.810572541916976,27.45317817212768,0.010981120919035359,-0.0029480086159563434,0.00912277737889089,6.041666666666667,0.006994120876800292,0.0021370866241499087,-0.011918748152215164,-0.04333319254973178,-0.09194577015669214,0.013726401148794087,-0.2290070532584365
2019-05-31 09:15:00,12033.5,64.1206005716095,62.7060669610129,63.50358786687335,30.08291225377826,0.005775543275023942,-0.021938754310882103,-0.005609340590850498,11.125,-0.014409772717829394,-0.012697885070843795,-0.01591390700959816,-0.06624008808742254,-0.08646694644118502,0.0054763701333777615,-0.18275231644991063
2019-06-11 13:15:00,11990.5,62.23768145348232,59.48285163049782,63.73048922023739,29.698143708064734,0.0008173053667486219,-0.03047412534923477,-0.022234277136066072,8.833333333333334,-0.023793836787456724,-0.017780751428214003,-0.03411868562612064,-0.07754472290563352,-0.0830991201367749,-0.005487677744881347,-0.1575914348859514
2019-06-20 10:15:00,11738.7,47.5265064657244,45.856783673641246,64.25701916851983,35.271930640464994,0.008927734757681716,-0.0074795420276521085,-0.0010478247165359722,5.041666666666667,0.01316159370288017,0.018128072103384518,-0.033419382044008294,-0.053174542325811314,-0.07798989666658152,0.03416902212340367,-0.13621610570165354
2019-06-25 12:15:00,11748.0,47.191545767265154,45.4894479548748,63.866646467728025,37.6661952235924,0.013883214164112978,-0.0026217228464419096,0.008001361933946294,5.875,0.010299625468164875,-0.017330617977528107,-0.041317671092951924,-0.08161389172625122,-0.009039845080013653,0.04453524004085807,-0.11065713312904324
2019-07-01 10:15:00,11869.1,50.27256440943062,49.564210064956775,63.583520362885565,24.581135819896208,0.009486818714140144,-0.034383398909774154,-0.02716296939110796,10.0,-0.021004128366935992,-0.0269523384249859,-0.07038444363936602,-0.0802925242857504,-0.03766924198127919,0.03375150601140775,-0.12642913110513854
2019-07-11 11:15:00,11559.2,40.40354459511308,40.15238534550882,64.15565165378236,40.05065903272739,0.012751747525780344,-0.02850543290193097,-0.02524397017094615,13.166666666666666,0.008521350958543783,-0.025494843933836275,-0.043125821856183855,-0.04747734272267978,-0.03081528133434841,0.04493390546058551,-0.07014327116063401
2019-07-25 09:15:00,11335.2999,39.175103469046554,31.790441768700738,57.47391470125535,50.654427572160806,0.03803163602226345,-0.06159518549659193,0.03720237697460482,96.08333333333333,-0.02570730395937737,-0.04063411679121076,-0.048176925605647125,0.015606124369060614,0.02520445886041367,0.07676904075559565,-0.015341455588660624
2019-10-29 12:15:00,11780.3999,64.2754692331528,62.15447053622811,51.0172258160154,35.61800574719054,0.021535779952597256,-0.0025126481487270924,0.015024956835293812,21.125,0.008064242369225427,0.012384978543894753,0.030185740978113884,0.04153510102827673,0.03371703026821704,-0.20716613363863823,-0.002852195195852447
2019-11-20 09:15:00,12014.6,65.8997686656291,63.33436915161012,58.56112878208671,42.7144663836783,0.004128310555490788,-0.010911724069049389,0.0035123849316665012,5.166666666666667,0.00705807101360012,0.0007823814359195769,0.0221230752584356,0.024678308058528886,-0.003595633645731011,-0.2560509713182295,0.07796346944550803
2019-11-25 14:15:00,12076.7,66.61675871537267,62.414737038562095,59.93594391526283,42.93276533170716,0.006798206463686229,-0.020245596893191053,-0.013530194506777615,16.041666666666668,-0.002343363667226983,-0.011468364702277967,0.010905288696415383,0.01429197545687133,-0.009953050088186366,-0.24421406510056565,0.08066772379871989
2019-12-12 09:15:00,11953.7999,49.671001713611915,47.09559095500936,62.03992743165586,34.92514937486675,0.028442838498576428,-0.00165636869996455,0.025347588426672507,21.083333333333332,0.02154126739230433,0.021298666710992897,0.030442211099752425,0.005830790257749019,-0.1281517185175569,-0.14269938548996453,0.1340745297233894
2020-01-02 12:15:00,12258.2999,59.01305632234947,58.9352150892152,62.95614125664265,24.17657646009568,0.002577845236108267,-0.02694500075006323,-0.008255622788279071,6.875,-0.004201235115809165,0.007880374993925576,-0.044728869783973835,-0.07252229161076407,-0.32570176391262873,-0.154181249881152,0.14454696935584033
2020-01-09 10:15:00,12178.5,53.833863061305735,48.35113629468182,63.68451677937863,31.64014641068288,0.020881052674795786,-0.007439348031366699,9.032311039947061e-05,14.208333333333334,0.011791271503058809,-0.005148425503961884,-0.012727347374471454,-0.134154452518783,-0.2619821817136757,-0.11865994170053784,0.1719916245843085
2020-01-24 09:15:00,12229.6,51.53534721469034,49.38158804837438,62.79151392967782,35.12849370205734,0.003475174985281715,-0.016770785634853125,-0.006214430561915396,5.083333333333333,-0.015315308759076385,-0.009264415843527218,-0.022331065611303713,-0.37806633086936614,-0.24261627526656637,-0.0890135409171191,0.17556584025642707
2020-01-29 12:15:00,12148.5,46.12597567960815,45.71270977715737,62.79151392967782,23.384791217400533,0.0017368399390871314,-0.04395604395604391,-0.024299304440877467,5.875,-0.01103840803391365,0.004107494752438656,-0.07066716055480105,-0.30200024694406724,-0.2311437626044367,-0.08075070996419309,0.13106144791538066
2020-02-04 10:15:00,11910.0,37.837344182229096,37.22946281172105,60.12591340166904,38.152949516247965,0.02104114189756512,-0.004769101595297975,0.01062972292191433,6.208333333333333,0.019252720403022616,0.0020906717044499867,-0.04731318219983205,-0.29380772460117544,-0.21207808564231745,-0.08041981528127617,0.2419647271200671
2020-02-11 09:15:00,12157.6,48.82134515770639,45.804581595633564,59.015012077195124,28.381366833142128,0.0073287490952160805,-0.020530367835757124,-0.005305323419095842,8.083333333333334,-0.015315531025860363,-0.025523137790353423,-0.18487201421333155,-0.26395834704217935,-0.2281165690596828,-0.0698657629795354,0.24007204546950045
2020-02-19 12:15:00,12116.2999,52.916332855959055,48.06342709820659,58.46461659083619,35.68114929521483,0.002946452324112503,-0.077688725747041,-0.06265938498270418,11.916666666666666,-0.03157728870676102,-0.07798585441088324,-0.28069211954715645,-0.23351600103592673,-0.26173831336083053,-0.07457721478155221,0.24921799764959607
2020-03-02 11:15:00,11383.3999,33.3484904349226,31.125758495566174,52.04178286614258,46.194558463270724,0.003180078036264078,-0.3401707691917245,-0.053929397666157786,127.08333333333333,-0.07285168818500354,-0.1710385225067952,-0.2706528741031051,-0.17627421663364395,-0.13607972254405298,0.032503470250570654,0.3032134626141001
2020-07-07 14:15:00,10797.0,69.57216053716066,69.39900758350737,52.58141993502332,54.78538219687999,0.008983977030656565,-0.021681957951282693,0.0035009632305269545,9.958333333333334,-0.017328896915809966,0.03403723256460123,0.03731591182735938,0.0479392423821432,0.06527738260627958,0.30467722515513573,0.47081595813651944
2020-07-17 14:15:00,10900.2,64.9906574274201,63.1640965464018,57.752667053979074,30.697803269337683,0.04047631236124105,-0.007311792444175458,0.018568466633639646,18.041666666666668,0.027742610227335263,0.015586869965688699,0.02757746646850512,0.0569255609988808,0.07019136346122079,0.3372048127557292,0.45178986624098627
2020-08-05 09:15:00,11213.2,59.90812906078931,58.556475616265445,62.25249031547315,40.26067362207258,0.01429565155352619,-0.01330574679841623,0.009551234259622454,13.125,0.005118966931830338,0.01947704491135438,0.016917552527378366,0.029046115292690633,0.05077943851888844,0.2259836621125102,0.44824849284771506
2020-08-18 13:15:00,11366.2,61.260382908763546,60.01761454670548,65.25901821387521,23.806228676457778,0.00827892347486392,-0.006721692386197686,0.005674719783216986,5.875,0.006457743133149174,0.01055761820133383,0.014578302334993243,0.04442117858211181,0.13168869103130332,0.3451197321884183,0.45728562756242197
2020-08-24 11:15:00,11449.6,62.02039582759221,61.132045727927675,66.42175217688725,28.103478894608948,0.030097121296813967,-0.02310124371157074,-0.0039040752515371313,16.958333333333332,0.01128422826998321,-0.011118301076020187,-0.027179997554499735,0.04181804604527661,0.12501746785913914,0.2993467020681946,0.4461640581330353
2020-09-10 11:15:00,11410.1,52.620948232444405,48.9806024013326,69.36280765335084,35.16302214572068,0.01822946337017206,-0.05433782350724359,-0.037589504035898,15.041666666666666,0.009614280330584313,-0.04252373774112406,0.04916696610897353,0.08454789178008948,0.1816548408865828,0.31970797801947404,0.5149823314431952
2020-09-25 13:15:00,11024.7999,41.66460643960605,37.82953545664591,64.00083132512057,37.808859591172144,0.09133046487310859,-0.005868578168026439,0.08013750889029736,24.833333333333332,0.04663123182852513,0.08012844750134662,0.07965678361200923,0.1835951689245625,0.24521080876941825,0.32750708699937503,0.6222335155488856
2020-10-20 10:15:00,11932.2999,64.87330603588134,64.18945963469453,63.225064725824325,30.33522735328707,0.0072324782919679365,-0.03326265710100029,-0.023457338681204254,13.208333333333334,-0.010643379823197407,-0.012445211840510284,0.08414974551553134,0.1528623999804095,0.2008330430917178,0.19741374418522617,0.5419408290265986
2020-11-03 09:15:00,11782.6,52.12008635649529,48.24837415616834,62.589365942020834,28.96480111796593,0.12708570264627506,-0.0050413321338244055,0.12638127408212108,31.25,0.06565613701559925,0.09169453261589111,0.11678237400913205,0.19554257973622113,0.16673739242611996,0.23426916809532705,0.5243792032318841
2020-12-07 09:15:00,13296.7,71.16637447639522,70.61464092218665,71.81203065055828,30.40663760147453,0.03615181962441816,-0.01243166349545377,0.030030007445456253,17.125,0.01852339302232875,0.034564959726849365,0.06730993404378527,0.12403076703242144,0.13485300112057863,0.18196995495122836,0.2853714981912805
2020-12-24 13:15:00,13728.2,66.58200452993363,66.4115513718954,76.2772566494979,36.80137333637977,0.01855304409900782,-0.003379911423201931,0.015668470739062634,6.0,0.019310608819801622,0.03355136871549069,0.04723853090718366,0.07138590638248288,0.0660902376130883,0.15230693026033992,0.24134266691918804
2020-12-30 14:15:00,13985.3999,68.28254925138458,67.89333461369026,78.00837917622243,46.76069741221458,0.035344009004705024,-0.003503653835454479,0.0320906161574972,11.875,0.011676469830512293,0.04221545356025169,-0.02574113021966573,0.05361306114671782,0.06180731378299731,0.13066483712060317,0.23062977984633815
2021-01-11 12:15:00,14440.3999,75.07427952439471,75.04995723280231,81.45139034672974,39.649474779812216,0.01565053610461309,-0.015068834762671623,0.012700479299053269,9.125,-0.008656269969365638,-0.002839256549951874,0.04392538325756479,0.05288635392985208,0.001066452460225742,0.09221351965467384,0.2509453010369884
2021-01-21 09:15:00,14727.2999,71.12750564204376,69.35351169516481,83.36746225853655,42.29679406346413,0.001779015853408339,-0.07676898736882509,-0.04772089281620451,11.125,-0.05845606498445788,0.0015753125255499878,0.010164802850249455,0.0002987716709701438,-0.03277585866232002,0.0644924803901088,0.1971779837253127
2021-02-01 13:15:00,14145.2,50.38709866772647,44.02916768964584,79.39340548287052,44.32503176663765,0.09094958006956433,-0.008851059016486196,0.04496931114441649,23.083333333333332,0.07018635296779108,0.08144105420920167,0.06965613777111668,0.030328309249780805,0.02811553742612327,0.12064163108333559,0.24013799734185448
2021-02-25 09:15:00,15117.8999,53.75601755236224,51.624319224991716,76.88767106743924,34.79578485727099,0.0038762063770509947,-0.043008612591752926,-0.021973944939270296,4.25,-0.003485927301317804,0.011337553571180825,-0.024937326116307945,-0.03934408244097454,0.008202197449395765,0.09245331754048736,0.10050343698862574
2021-03-02 09:15:00,14920.8999,51.336759076231516,49.30897644897676,76.21983311347451,21.966809540718817,0.023604481121141996,-0.010729915827664027,0.01294158537984691,7.208333333333333,0.008906969478429394,0.004262484195071803,-0.010394815395819434,-0.025333592647451497,0.03861698046778006,0.12930185933356464,0.11197711339112981
2021-03-09 15:15:00,15098.2,53.64587078735266,52.160023591332575,75.5706876147029,19.63534250384084,0.01577008517571632,-0.04954895285530725,-0.023294167516657693,9.958333333333334,-0.011584168973785003,-0.019326813792372666,-0.014611013233365555,-0.01176961492098405,0.04298525652064478,0.15248837609781285,0.08402991085029998
2021-03-19 15:15:00,14738.3999,46.27846873313386,44.898208493619784,70.88892573486774,25.3799686625215,0.009512572664010843,-0.032160886067421735,-0.01735601569611367,6.791666666666667,-0.01490663175722351,-0.011140958388569655,-0.030566411758171874,0.02517233909496519,0.06395538907856602,0.1885822083033588,0.16920765598170528
2021-03-26 11:15:00,14539.5,41.624406531001156,39.907728020447465,66.15449874481278,32.07004526966258,0.023639052237009572,-0.005509137178032253,0.007544963719522624,10.166666666666666,0.0023866020151999123,0.02158945630867648,-0.001127961759345153,0.04890814677258515,0.08421885209257529,0.20812957116819697,0.1723580590804361
2021-04-06 09:15:00,14722.1,48.14056329327268,46.49528877744838,64.81483598834461,24.148283071834516,0.01779637415857782,-0.03215573865141519,-0.020092249067728107,9.125,-0.018991855781444245,-0.018788080504819282,-0.004958531731206861,0.06753111988099514,0.07428966655572222,0.2030757025152663,0.21112137534726694
2021-04-15 13:15:00,14515.2,46.58445965773768,46.32681597696192,63.82195135189739,30.05954461797103,0.01257302689594364,-0.025070278053351047,-0.011732535548941825,6.958333333333333,-0.007998511904761973,0.02651014109347427,0.02024774029982357,0.08843143050044078,0.09228257275132279,0.23758884479717812,0.18174396494709
2021-04-22 13:15:00,14399.1,43.54699163804678,42.04687862273411,61.294411015760375,30.276044456722957,0.04480834913293186,-0.008736664097061642,0.017362196248376538,13.833333333333334,0.03478689640324739,0.020341549124597957,0.05471869769638382,0.09146404983644807,0.09672131591557798,0.2858026126632913,0.19578301421616628
2021-05-06 10:15:00,14636.5,51.58453452145296,50.47955480523149,58.35923054971841,20.70071105797881,0.022573695897243118,-0.0030471834113346974,0.013049567861169065,11.041666666666666,0.003409278174427044,0.025737027294776782,0.0737744611075053,0.08113278447716321,0.11171386601988176,0.2253715300789123,0.11856662453455402
2021-05-17 12:15:00,14837.5,56.16438769029244,53.50947427721864,56.63188356407447,41.447894907952595,0.07171693344566132,-0.000936815501263677,0.06679022746419538,38.958333333333336,0.0257388306655435,0.0485998315080034,0.06409435551811282,0.07287615164279693,0.1144869418702612,0.2237102476832351,0.08996458972198829
2021-06-25 12:15:00,15841.6,63.280286322640364,61.949649255298525,67.36747845426214,35.40693602077198,0.004816426371073712,-0.012984805827694124,-0.0016286296838703418,9.875,-0.008970053529946509,-0.010377739622260407,0.0018116793758204963,0.04570876679123326,0.12117462882537122,0.06518275931724071,0.0016917735582264726
2021-07-05 10:15:00,15824.0,56.62197787044734,54.48499712519905,67.44652285833153,28.242953744816273,0.0057002022244692085,-0.012089231547017132,-0.003722194135490353,8.0,-0.003298792972699749,-0.00017063321536903153,0.0282861476238625,0.08918099089989884,0.11929984833164808,0.10579496966632962,0.010161766936299443
2021-07-13 11:15:00,15793.1,52.58936593970412,50.996093053988,67.6856575890758,26.59738978079462,0.010707207577993039,-0.01358821257384557,0.00022794764802358536,9.041666666666666,-0.013252629312801134,0.0026213979522702324,0.035148260949402044,0.0945349488067575,0.13962112568146834,0.13768668595779165,0.018479601851441485
2021-07-22 13:15:00,15807.2,51.41002538118063,51.384606567462754,68.80888912699649,38.96617615636208,0.04208841540563779,-0.018586473252695024,0.04203780555696146,21.875,-0.0006832392833645562,0.03357330203957698,0.04390404372690915,0.105167259223645,0.15480925148033808,0.15647618806619756,0.058239333974391405
2021-08-13 11:15:00,16489.0999,74.36332132431387,73.56468843427004,71.50234541758013,39.45897262765805,0.022172229061454107,-0.006859070579104287,0.021899321502685476,16.916666666666668,-0.0010916302350743035,0.012183812410524464,0.04833496096412149,0.08570811679053514,0.08254847797968634,0.05590658711455787,0.08050167128892216
2021-08-30 10:15:00,16869.0999,74.64050470727474,73.6932869962011,75.34829136711974,25.713586046706666,0.057786135939594585,-0.0012745196914745183,0.05689100222828136,24.208333333333332,0.029468086794601334,0.026498153585538864,0.046558506657489174,0.05709853553004329,0.012804459116398936,-0.024817607488352267,0.03993095683783321
2021-09-24 09:15:00,17878.4,76.25279470276928,74.80892537877482,84.68868913108082,44.917768719523195,0.0038705868534096854,-0.023785663146590474,-0.006818283515303447,11.125,-0.02190632271344195,0.0008754027206012704,0.007304904241990151,-0.03013694737784145,-0.04590175854662615,-0.028981899946303957,-0.04652543851798818
2021-10-05 13:15:00,17793.4492,63.82040880639928,61.75816182859464,83.62834833368495,24.84722365253516,0.0450390697718126,-0.010037379374427169,0.029061346914121655,21.958333333333332,0.009576580576631688,0.04051778786093929,0.0020091663846715235,-0.03648243759281922,-0.010253728658746963,0.015250084283827459,-0.022041774789791746
2021-10-27 13:15:00,18313.1504,63.706175613569606,63.0321084461376,83.50786850693031,30.990014032227847,0.0005896746198295055,-0.038106474569225335,-0.02008941072203496,5.083333333333333,-0.0248236698804154,-0.014380354785924587,-0.06473223744178935,-0.07369021552949184,-0.06045657769511892,-0.07320975204790536,-0.0333148358788119
2021-11-02 09:15:00,17935.6504,51.72830597338514,49.94645141033336,79.85259246614102,38.20044702809056,0.004231817542563299,-0.009890937660113952,-0.004493820865286158,6.0,0.0066598755738460635,0.008126273469291068,-0.03618491582552252,-0.024395591475177114,-0.03341949617840445,-0.053006229425613616,0.010233740952042769
2021-11-08 10:15:00,17918.1504,48.49702707910083,45.77417595555158,76.73080153833607,28.91718798637665,0.016265585090746937,-0.03914185249834701,-0.02361018244383062,15.208333333333334,0.012350538144829892,-0.02041782169659645,-0.028398556136686848,-0.005201496690194096,-0.02808332270723657,-0.09377085036634136,0.017010617345861734
2021-11-24 09:15:00,17529.8496,41.28850828127686,39.156424771690986,71.5492678728013,43.614818594141425,0.0040217116295167,-0.042550302314059874,-0.025131350813186737,5.125,-0.0239677127634913,-0.007056489520594789,-0.033311706222511006,-0.005815748698722589,-0.03457239017042113,-0.06820648364262072,0.04689144623351482
2021-11-29 13:15:00,17128.3496,34.885541694637126,34.21643449149294,67.49300418663117,59.38214773781645,0.021014937714722848,-0.013705348470934964,0.002311933194077076,7.875,-0.007709370901677559,0.01385427116690785,0.006740357518158158,0.0021981335551439773,-0.03957768353817359,-0.02920881530816022,0.08924680052069922
2021-12-07 11:15:00,17195.4492,40.88984152313598,35.987865139085045,63.20457447078584,34.18474309338131,0.0258092007273647,-0.04565445141148161,-0.018237360149916726,13.958333333333334,0.008348185518759266,-0.01563776536875805,0.02805395743892536,0.012765005289887998,-0.0758688874495933,-0.04052227958080912,0.08135589734986381
2021-12-21 11:15:00,16926.5508,42.06766169273905,39.97685701146272,57.01909549652718,39.47998797446289,0.0623073426158387,-0.014054865802901939,0.06132077422412596,20.083333333333332,0.01838526960850162,0.047620381111549426,0.05089925349705626,0.011857064228348202,0.017513857578119074,-0.0961537184527872,0.08285799136348548
2022-01-10 14:15:00,18004.5,66.55673805611907,65.32366884652681,52.99287898046691,28.416525302884235,0.01922294981810113,-0.06479771168319026,-0.04749919186869944,17.041666666666668,0.01672639617873295,-0.04593013968730031,-0.030056397011858027,-0.07643369157710567,-0.016440334360854236,-0.10203004804354465,-0.0045905412535753864
2022-01-28 09:15:00,17333.0,46.73984749745662,42.20958505504347,53.38216327296081,44.53797076498444,0.026582241966191633,-0.016693567183984404,0.004863601223100478,12.0,0.012277205330871732,-0.00012687936306465808,-0.05091737148791331,-0.002852893324871597,-0.01314835285293936,-0.04672017538798823,0.01647147060520404
2022-02-09 10:15:00,17393.5508,46.55374367425522,43.53736367555325,52.70369688395109,34.432209477991336,0.014125879346039039,-0.033549837333961774,-0.0061546260008048526,6.125,-0.006068387140364728,-0.013085401745571268,-0.04517198408964318,0.018107240069692887,-0.06171833528091342,0.0036766040893732033,0.027133574129096116
2022-02-15 14:15:00,17351.5996,48.14285430116657,43.01481130317867,52.478035826985746,38.608592106143405,0.007970492818425656,-0.016171396670541016,-0.002919062286338314,5.875,-0.014678715845886758,-0.043794256294388156,-0.004535558785024207,-0.011431199691814053,-0.08813308485979598,0.026792941902601175,0.038238549487967566
2022-02-21 12:15:00,17346.3496,48.15743071639473,45.736116665189755,50.85806455791841,23.624399148433433,0.043167629920245476,-0.09654476236314302,-0.011342444060968293,58.125,-0.03621799482238042,-0.08620543425459393,-0.00499238179772421,-0.003727031997556529,-0.05834941779335534,0.013484128095746284,0.02925406276834175
2022-04-21 09:15:00,17262.4492,48.33557839387152,46.193500626212725,51.37084432398103,22.000865516758914,0.008799469776281876,-0.021642328714282177,-0.010328708165003642,5.125,-0.0091151376132651,-0.019866775335680598,-0.05377272884313544,-0.11374105593312911,-0.04170902933055409,0.013969651537048433,0.02057652398478882
2022-04-26 13:15:00,17141.0996,46.81049305568477,44.672570031578715,51.63289022623203,28.16904819494944,0.04947470231139639,-0.11408543475238897,0.030432726731253412,126.0,-0.007126170598763859,-0.0450758363249929,-0.06175216437106534,-0.07424839886001255,-0.028770056268735633,0.03594282831190121,0.038130552604688006
2022-08-30 14:15:00,17762.8008,60.75936370920883,57.03562248756336,59.5484200970618,33.92105605162634,0.000790911307185338,-0.016540229398958384,-0.007344067046003211,5.833333333333333,-0.0061786427284598044,0.017294524858940008,-0.052511426013402085,0.011000427365035703,0.045144817477207555,-0.02569416868087615,0.08904559690834346
2022-09-05 11:15:00,17660.0,54.99711949668465,54.818858978547496,60.12236220860902,18.695461319592262,0.024654609286523188,-0.01296715741789356,0.011990373725934367,14.958333333333334,0.017460339750849485,-0.0015034428086070362,-0.014651755379388454,0.021874337485843665,0.05304647791619477,0.0065204077010192485,0.10807474518686289
2022-09-20 11:15:00,17882.8008,55.33873706309201,54.53912466410486,62.51365944130365,37.821418711402686,0.0019934461272979043,-0.05938110097384752,-0.05908752280011986,8.166666666666666,-0.04634341170987044,-0.03610454577115252,-0.02274258962835396,0.016566196946062206,0.02753201836258201,-0.05439027202047697,0.11594935397367956
2022-09-29 09:15:00,16989.5508,36.87323318643624,34.972421317088624,61.876890856990705,34.31220072215795,0.02582469690723066,-0.014176454859536447,0.006006562574921048,13.166666666666666,0.024232494716693642,0.0023249584680014035,0.05701436202774701,0.09124427233237964,0.06786225330925166,0.00017358905098308064,0.15345898374193623
2022-10-12 14:15:00,17124.8496,44.46659722520218,42.72381510232311,56.41097233936486,21.880048816043747,0.040096725871390904,-0.009763542682442172,0.03541933588718926,14.791666666666666,0.02245275193540963,0.03541933588718926,0.07150724406946019,0.07901380926580504,0.04654055472697416,0.028990105699964852,0.1561678182563424
2022-10-27 10:15:00,17735.75,60.29651957026862,59.429874284466656,54.685336133379735,33.3719391424386,0.035239558518810776,-0.004569911055354314,0.03459963068942673,15.166666666666666,0.01970882539503549,0.016886796442214136,0.0453321680785983,0.012175927152784594,0.011251331350520921,0.0022074284989357373,0.0719140718605078
2022-11-11 15:15:00,18355.3008,71.68164311186564,70.67006959759858,58.6851031522696,45.64997655430779,0.004712535138623242,-0.012061932539945253,-0.0001880219800047822,12.75,-0.0027758302931216727,0.007796091252288084,0.0066819062970626675,-0.02342381662304327,-0.02496288156716009,-0.002413515337215344,0.06069904340657817
2022-11-24 10:15:00,18365.0,64.9339555975327,62.06285128804149,60.67660143134238,42.56832377012974,0.01710858698611495,-0.0007514729104275419,0.016395295398856646,6.125,0.025880794990471134,0.011527318268445441,-0.023498546147563304,-0.012561894908793891,-0.03784095834467738,0.002551048189490812,0.07866049550775922
2022-11-30 14:15:00,18765.1992,68.84984400712142,68.18851710593924,62.77558441508559,34.830389604262976,0.00647475141111209,-0.02228318471567292,-0.010085158062164368,12.958333333333334,-0.011276171264944401,-0.005227740934399372,-0.03553910581455477,-0.06110775525367185,-0.07735853931142911,-0.008838126269397728,0.07300752767921592
2022-12-13 14:15:00,18605.8496,58.469550658573645,57.304595405797876,65.77291091355691,29.077288585319046,0.004837188407671444,-0.021641064969159074,-0.01182423832986379,7.041666666666667,-0.011085223434247227,-0.02541675925403597,-0.04017553705260524,-0.04620050244843432,-0.0787305944900254,-0.001478008292618016,0.12460330755334059
2022-12-21 09:15:00,18398.5508,50.25191542347257,47.34827166176108,64.64978806366247,28.122734998581848,0.004019294824024966,-0.03386136260253714,-0.02164848766240879,5.083333333333333,-0.013916900455007597,-0.014618064374939732,-0.015264876187965903,-0.023887750985256972,-0.07242418245245708,0.023289834327603565,0.14813118868036068
2022-12-26 12:15:00,17990.5,37.62101648147014,37.06589126949995,62.03501571764853,28.10506776682057,0.015241332925710838,-0.010802901531363873,0.0038437175175787264,13.875,0.010663939301297942,0.0047163558544789375,-0.00446068758511442,-0.03106913093021313,-0.05335867263277838,0.03788388316055702,0.19167338317445304
2023-01-09 10:15:00,18105.1992,45.53022520699662,39.974214474876014,57.99234486945895,30.891568085217486,0.0043081547536909515,-0.018942028541724,0.002399929408122725,13.958333333333334,-0.008213066222436227,0.00160736149205154,-0.014609063235272224,-0.03794490148443108,-0.02624656015936011,0.07224172380274063,0.19832152965210126
2023-01-23 10:15:00,18134.3008,49.647379002952526,48.088418053114786,54.57532148142967,28.29504114662565,0.003664282440930977,-0.04014491697413558,-0.02894247789250315,8.041666666666666,-0.03216560739965235,-0.022912380498287477,-0.02560065618851981,-0.05913657283108498,-0.027635496153234795,0.08901634630434718,0.18877205345573622
2023-01-31 12:15:00,17645.8008,43.306313010647386,41.14651820172658,52.89076673960163,58.442253662915554,0.04604207024710383,-0.046189504757415234,0.03803449940339343,110.95833333333333,0.0005015130851979688,0.015346359344598381,-0.01672926059552926,-0.01574881203464573,0.029403572923989874,0.1148799775638405,0.22934347077067763
2023-05-22 12:15:00,18295.35,61.585208140048074,61.45770724169152,56.113851546526256,30.00841751707007,0.021319624932018444,-0.005058662447015139,0.021169313514089794,16.0,0.016422205642417476,0.017009786639774704,0.03050228610002015,0.08176941135315796,0.05512329635672453,0.07758528806500009,0.23385177107844357
2023-06-07 13:15:00,18685.65,68.33182957910842,66.6761738836341,59.8128390014063,39.20364867182817,0.004931591890033227,-0.00695453462951523,0.0004950322841323906,6.0,0.004302767096675764,0.009611653862723557,0.036736747182998464,0.0470789081460905,0.0462948840420323,0.10463912146486742,0.21919226786330692
2023-06-13 14:15:00,18719.35,64.11495995280885,63.652446054040894,62.071318412193335,30.424289062518305,0.008905223739072099,-0.0038409453319692144,0.002994227897870516,13.958333333333334,0.005398157521495195,0.00563320841802728,0.03734638221946818,0.032076434277899635,0.06828762750843387,0.12243213573120881,0.24605021007673877
2023-06-27 14:15:00,18824.8,60.59865422827563,58.002677024064894,65.91288411888031,33.48593775599948,0.045060239683821335,-0.0028924610088819636,0.04374548467978401,19.958333333333332,0.030021567294207685,0.032050805320640974,0.04461667587437845,0.024797076197356605,0.04541880923037689,0.1375074369980025,0.26828439080362076
2023-07-17 14:15:00,19730.15,74.50963020900537,71.80476053369321,73.66977102243294,42.20453313698385,0.01321074599027372,-0.021910629163995332,-0.01115551579688967,18.041666666666668,-0.003003018223378895,0.0015129129783604256,-0.013603545842276965,0.023091562912598063,0.0009705957633368012,0.115564250651921,0.24704069659886008
2023-08-07 09:15:00,19565.35,51.84684842261386,50.37757401667833,73.06378622883216,26.322023860925857,0.004081194560792589,-0.015698671375671713,-0.007142729365945399,9.125,-0.01255024827053941,-0.013365464967404095,0.00040377504108035644,0.0019473201348303437,-0.010758815968025082,0.1207031819006561,0.24111503244255794
2023-08-16 13:15:00,19422.9,45.550796744226766,45.468235057270086,71.48322394544611,26.354542849010862,0.008294332978082464,-0.009898109962981794,-0.005519258195223253,11.916666666666666,0.001966750588223043,-0.0005174304558023257,0.039056989430002576,0.016804905549634652,0.010688414191495577,0.11663809214895804,0.2508430769864438
2023-08-28 12:15:00,19333.5,42.05931406758477,40.63449545471476,66.67053558967987,25.654528051141792,0.04018155015905034,-0.005632710062844382,0.03670571805415479,15.958333333333334,0.009276644166860581,0.031841104818061794,0.018095533659192586,-0.015809346471151176,0.02470582150153877,0.14559443453073673,0.2961465849432332
2023-09-13 12:15:00,20084.4,71.57278316446659,70.66445334052634,64.78590571039616,58.59784039334998,0.0068137459919139776,-0.02638117145645391,-0.0177625420724542,14.125,-0.007465993507398849,-0.019968234052299416,-0.016950966919599297,-0.03061829081277012,0.043830037242835296,0.11494244289099997,0.24456543386907237
2023-09-28 09:15:00,19732.2,54.567407295668474,50.80356780530065,65.2852701326453,27.42667079659693,0.001720538003871841,-0.02015233983032816,-0.01449660960257848,6.25,-0.010498069145863154,0.0031800812884523744,-0.03655446427666453,0.004001074386029035,0.0926125824793993,0.11614011615531972,0.3309337022734413
2023-10-05 09:15:00,19525.05,42.102156573819855,40.65919191995509,62.93838588187552,35.410024259902386,0.007674756274631989,-0.002261197794627856,-0.001411007910350981,4.25,0.013823268058212435,0.0025787385947795283,-0.008717007126742393,0.05227387381850512,0.10557463361169384,0.1489650474646671,0.29135136657780647
2023-10-10 09:15:00,19617.7,45.54574478006086,42.00804453260197,61.066922505316555,38.42203326208103,0.011423357478195673,-0.002655764946961292,0.005772847989315766,6.25,0.010380931505731938,-0.015414651054914796,-0.008668192499630356,0.07103279181555422,0.1057820233768485,0.15335895645259123,0.28307599769595826
2023-10-17 09:15:00,19821.35,52.35901931896652,51.32192538849582,60.95124211423462,21.162043754701802,0.0014327984723543352,-0.04953749366213689,-0.04087259444992386,10.041666666666666,-0.02553055165263718,-0.036223567012337754,-0.005428489986807117,0.08265582314019992,0.11043142873719503,0.1280916789219706,0.26426807457615165
2023-10-27 11:15:00,19048.8,34.843242741764314,33.56755184484368,54.36404734939968,53.52055350334986,0.021812397631346903,-0.00570377136617517,0.019770274242997044,14.125,0.010333984292973941,0.01765203057410436,0.0400208937045905,0.12680588803494186,0.11799168451556019,0.17907427239511153,0.2752404350930242
2023-11-10 15:15:00,19443.45,52.6123914033303,49.78898864568142,51.88927389074089,22.342195818071904,0.024319243755609232,-0.0014555030100110722,0.023915508821736875,18.0,0.014207869488182423,0.01775662241011755,0.08063126657049025,0.10844268892609077,0.11912752109322167,0.1472629600199553,0.2406825949098539
2023-11-29 09:15:00,20014.2,70.83286621247174,70.0727507414789,54.67658321646612,39.76373809151174,0.0871531212838883,-0.0027880205054411356,0.08561421390812529,29.041666666666668,0.044198618980523685,0.041795325319023524,0.08339578898981714,0.07790718589801249,0.10466818558823232,0.14673082111700686,0.21552697584714853
2023-12-28 11:15:00,21728.65,75.87254233081755,75.05922841916849,68.07756882977036,40.25801463026365,0.004774801932011519,-0.012881610224289242,0.003490782906439227,14.916666666666666,-0.0039832203105117925,-0.003290586391699435,-0.007142643468416199,0.01693846603447513,0.02009328697364987,0.08559206393402263,0.09741056163176265
2024-01-12 10:15:00,21822.15,63.84589376675126,61.95395936190212,74.53389000950878,23.48863286498074,0.013811654671973095,-0.031353464255355235,-0.020685404508721694,13.208333333333334,-0.010780330993967135,-0.011396677229328911,-0.006044317356447504,0.024695091913491396,0.037555877858047815,0.10948966989962039,0.06649436467075875
2024-01-29 09:15:00,21573.45,50.83611335069985,47.53959378111512,72.49206845801054,23.26199669968814,0.02560554755961597,-0.006505681752339232,0.015389286368197919,8.125,0.016385881720355266,0.0054140621921852095,0.02992335486442821,0.043117813794270266,0.04204937087021299,0.15319292927185946,0.06062080937448577
2024-02-06 13:15:00,21914.9,54.38811573451095,53.56627323240669,72.58430843769803,25.192573657679297,0.006214949646131007,-0.017522324993497596,-0.00459276565259259,8.041666666666666,-0.008514754801527857,0.009532327320681322,0.026662225244012072,0.03245965073990753,0.023954022149313747,0.10847642471560448,0.08342269414872971
2024-02-14 15:15:00,21848.7,55.43340803623849,52.26683598379985,72.89266384896118,25.05050771161866,0.020538979435847482,-0.0024074658904191804,0.01647695286218398,15.791666666666666,0.008240764896767283,0.003549410262395414,0.006757839139170718,0.023415580789703627,0.017168069496125593,0.11442786069651745,0.05358213532155243
2024-03-01 11:15:00,22286.45,59.54053011546092,56.53714805894709,74.52061272610963,32.14741002448441,0.01024837962080083,-0.0034931539119061883,0.008996497872025389,5.916666666666667,0.0065174130469409786,-0.01512353919085363,0.009745832108747798,0.020586499868754382,0.012608558114908464,0.12565258262307366,-0.011735830515851475
2024-03-07 10:15:00,22498.65,63.62640428395442,63.01363132746917,74.52061272610963,34.5069897917463,0.0011267342707228512,-0.03503765781502455,-0.02860393845852982,13.208333333333334,-0.018452218244205842,-0.018876688156844956,0.0056714513981950265,-0.00020223435628374808,-0.006533725356854703,0.12201620986148054,0.005180310818649003
2024-03-21 09:15:00,22068.1,48.15912918662062,43.65540104313851,73.2743735437677,28.801531404265933,0.02564561516396968,-0.008335561285294002,0.025183409536842838,18.041666666666668,0.010791595107870755,0.0139567973681467,0.008063675622278277,0.018016956602516787,0.06593000756748424,0.14979993746629772,0.053887738409740704
2024-04-08 11:15:00,22653.25,65.68201104482912,62.94544515197343,70.06296965698067,34.4935112817913,0.00540540540540535,-0.03865227326652909,-0.022228598545462552,11.166666666666666,-0.011230176685464666,-0.016180901195192665,-0.01419222407380838,0.023683135973866953,0.07287696025956536,0.10619006102877071,-0.004456314215399604
2024-04-22 09:15:00,22246.05,49.088734928299324,47.79405173711355,66.71830313236906,33.99846410814844,0.01707715386551767,-0.0021531736813951152,0.01307198356562167,7.041666666666667,0.01054344479132241,0.009902881635166727,0.014040694864931202,0.06017697523830079,0.10383641140786803,0.11498670550502221,0.08764027771222316
2024-04-29 11:15:00,22558.7,55.915591505413914,53.51121959821743,65.60387997220587,25.529884602616864,0.010461561116110296,-0.032699101399903396,-0.02347209723964594,14.041666666666666,-0.001673412031721666,-0.02541369848439845,0.008267320368638309,0.06880715644075241,0.10282729057968765,0.07682623555435364,0.0779255896838027
2024-05-13 13:15:00,22103.05,43.704398848073964,42.19531491720104,61.167239423765274,30.074228558782654,0.05590401409533974,-0.00764826573708155,0.0485114045346684,20.875,0.016407237915129436,0.04366818154055663,0.056539708320797466,0.1118216716697471,0.09723092514381504,0.09139462653344221,0.11258627203033056
2024-06-03 11:15:00,23221.65,60.628725921433826,58.002052830029314,59.49515213254821,45.3051479753378,0.011170643828065652,-0.08355137474081309,0.007329367206895254,10.0,0.003724972170366936,0.013810388150712782,0.0443809979049723,0.06748228485055963,0.08972445971754794,0.038614827111768335,0.060017268368095955
2024-06-13 12:15:00,23411.3,59.09227387296633,58.79600036219554,59.549444462854986,34.16439917420609,0.011652475914408988,-0.0032911457287719825,0.011157005377745,12.0,0.006031275495166799,0.02351642155711131,0.049151478132354987,0.04243036482382445,0.07040403565799425,0.048683755280569674,0.054448065677685564
2024-06-25 13:15:00,23695.25,64.07695112168136,63.212231271655284,62.864597855055194,20.4042648393161,0.048936001150019504,-0.0014243361011173628,0.03982865764235455,30.916666666666668,0.017429653622561547,0.0310885093003872,0.030643272385815656,0.05541616990747089,0.09334993300345018,0.0031272090397864716,0.06544771631445112
2024-07-26 12:15:00,24775.55,64.89110093883698,63.419572633020586,71.3709258915053,39.08176728205866,0.012219740076405916,-0.03559359050555888,-0.027319272427857255,13.125,-0.0002038299856107484,-0.017119700672638904,0.009396360524791536,0.047982789483987265,-0.015349810599562863,-0.06992781189519504,0.002772895051774915
2024-08-09 09:15:00,24356.45,48.34640154725472,47.58109266704325,68.67497359746721,21.371320073864403,0.0047770008047149926,-0.010541387650909728,-0.002522945667369436,7.0,-0.002522945667369436,0.018272367278482582,0.019298789437705466,0.019354216234303445,-0.0055303625938919465,-0.025046753529352594,0.0022170718639209497
2024-08-16 10:15:00,24234.35,45.166680202164684,44.657432425541685,66.00380336687145,29.005124704437613,0.042272674169103075,-0.0012317227406551945,0.04175684513923428,14.041666666666666,0.024719045487087588,0.04145974618671433,0.04848489850150717,0.0345852065353518,-0.030677530034847078,-0.05400598736916806,0.03110254659192435
2024-08-30 12:15:00,25242.25,68.9486427605784,68.08883509280307,66.47926158608223,30.057756632905356,0.003620928824688674,-0.019376244193762382,-0.007380483118580972,11.875,-0.015064029553625402,0.00566114351929814,0.029327813487308063,-0.036405233289425465,-0.050031197694341834,-0.10696154265170499,-0.02848795174756602
2024-09-11 10:15:00,25086.05,60.0732946837835,59.839981980560204,66.93156574433705,26.309082996746923,0.04097493303050892,-0.008008419395440836,0.03990863448011939,15.125,0.014956519659332645,0.0330422685117826,-0.0053236759075262485,-0.038383882675829706,-0.017326362659725092,-0.09842721353102613,-0.004187586327859427
2024-09-26 14:15:00,26207.55,76.07201559794649,75.87830944354243,68.67508208195873,37.113866994914225,0.0026633397389301816,-0.05773910154230366,-0.04456921764911259,12.041666666666666,-0.03621475490841375,-0.04613174447821333,-0.07309916417215645,-0.0757529795803118,-0.09378213530070534,-0.09681370444776405,-0.05964121026192826
2024-10-09 09:15:00,25171.0,50.95346799814591,45.5563226144404,68.15143273058831,27.003035391647302,0.0025048977493942193,-0.023970029374081325,-0.013908863374518243,9.125,-0.004429700846211859,-0.026010090977712452,-0.038504628342139746,-0.023282746017242006,-0.05661674148822049,-0.12923006634619194,-0.005132891025386388
2024-10-18 13:15:00,24871.0,38.776854925166624,37.27242201466003,61.46456801549436,43.318831998504606,0.004314293001889791,-0.04241283460154399,-0.03513730851192154,17.041666666666668,-0.030935627839652646,-0.03613445378151259,-0.05713481564874756,-0.021498934502030553,-0.061825017088175005,-0.057918861324434134,0.03962647259860885
2024-11-04 15:15:00,23990.95,32.12843266266633,30.430827802520852,53.953292196991704,53.17149988503904,0.036130290797154796,-0.09367280617795459,0.03327087922737526,188.875,0.005466644713944202,-0.021910345359395955,0.019615730098224482,-3.334590751924438e-05,-0.030313514054257973,0.020347255944428877,0.06649590783191162
2025-05-12 13:15:00,24866.2,65.20567581350234,60.203459691083985,53.670495565871775,59.464433557664705,0.010055818741906641,-0.016238894940722726,-0.0008465306319421773,11.083333333333334,0.002981959446960003,0.005421013262983498,0.010522315432192952,0.01215304308659948,-0.01832809194810625,0.02854477161769786,-0.056651197207454373
2025-05-26 09:15:00,25044.15,61.347498019164675,59.26001324721268,58.2577821407552,35.76833772433555,0.0013994972378779114,-0.02164176501797832,-0.017255526739777594,9.25,-0.01845540774991372,0.0029947113397739145,0.005180850617809041,-0.005624067896095597,-0.00550627591673114,0.043297536550451765,-0.039176813746922945
2025-06-05 09:15:00,24732.25,51.829430199394274,51.00604371164522,59.3917752543923,25.670394842066145,0.019818269289086032,-0.010482265058779583,0.00883259711510287,11.208333333333334,0.014739863942827558,0.004081715169464983,0.02845879368031623,-0.004364746434311506,-0.0050743462483194834,0.05363240303652117,-0.051097251564253154
2025-06-16 15:15:00,24940.95,56.437168332895624,55.483362268663605,61.26943535202581,31.40108526547849,0.029204966505886887,-0.008321640088890025,0.023784178228976938,22.791666666666668,0.0007196999312375496,0.02271364964045075,0.010328395670573753,0.0018904652789888399,0.005765618390638716,0.04091263564539438,-0.03796968439453985
2025-07-09 11:15:00,25537.95,64.01579286789949,63.31513969432477,64.80358231217626,13.135445459308182,0.0004209421664620461,-0.020988402798580164,-0.013158847910658467,6.125,-0.014051636877666418,-0.015118676322884217,-0.043656597338470826,-0.02887859048983965,-0.015022740666341683,0.03113993096548473,-0.057857032377305107
2025-07-15 15:15:00,25219.65,52.12977385286513,50.77392649805918,65.31000299913299,33.22317637593661,0.001413611261456893,-0.013376443318999343,-0.007722153162315837,5.916666666666667,-0.006136088327950651,-0.015434393419416992,-0.02393371835057201,-0.0053490036538969,0.0006939033650348314,0.013372509134742083,-0.04544868782873679
2025-07-21 14:15:00,25088.1,46.46283243979006,43.37804122610592,64.18300461394699,25.242687440085692,0.006303785460038958,-0.019511257951977168,-0.01094742128738313,8.0,-0.016276641116704682,-0.014702189484257389,-0.0015684727021973988,0.009181643886942537,0.030630059669723986,0.017530223492412844,-0.03603301963879291
2025-07-29 15:15:00,24830.4,43.077118142937564,38.478945483287816,62.94004615250912,45.188606051792654,0.005078452219859475,-0.011894662137943879,-0.008300309298279629,5.75,-0.0072854243185772605,-0.013876135704620207,-0.011973226367678391,-0.0028996713705780053,0.04605644693601385,0.012003431277788579,-0.02369675881177913
2025-08-04 10:15:00,24664.35,37.42924676871609,35.9812029659969,60.22130209679564,28.531746217713785,0.019838365520477907,-0.013251920281702079,-0.002994200130958191,28.083333333333332,-0.008986654827716878,0.011875439652778264,-0.003545603269496156,0.006132332698814302,0.042490477146164496,0.006560075574665536,-0.0029779823915894177
2025-09-01 13:15:00,24617.1,47.25783043666575,46.107961630593636,53.52151617376953,44.7404218904639,0.021218958315561087,-0.0038489663942949948,0.018385593753935447,14.083333333333334,0.009708698425078488,0.018476993634506167,0.007234808324295017,0.04713390285614483,0.06775168480446525,0.010876585787927828,
2025-09-16 09:15:00,25165.05,62.50323558377051,61.851502416942395,53.56896870813941,31.05880581465668,0.011281488363822145,-0.02294256443956988,-0.02007148803598635,15.0,-0.0005622877761021217,-0.020995388445482877,0.010268209282318086,0.03116425359774766,0.031643092304604936,-0.07986671991512029,
2025-10-01 10:15:00,24702.2,42.810810407079025,41.603384441846806,54.824557674670125,29.017596864039717,0.020998145534608215,-0.002313559116192132,0.013747763357109921,7.958333333333333,0.013782173247727014,0.023900705200346373,0.04351839107447919,0.06407324044012275,0.049357951923310495,-0.09001829796536343,
2025-10-09 10:15:00,25152.55,52.67519939379674,50.90196252321419,53.747788592298534,34.95893965069454,0.007084768741141501,-0.0047629365611041585,0.005395079226559574,6.041666666666667,0.012312866886259988,0.035998338140665664,0.01683527117528838,0.036503257125023225,0.03971963081278029,-0.0910464346557307,
2025-10-15 12:15:00,25325.5,57.91399336446735,57.01645404832371,54.424203892009245,34.940719496725364,0.030747634548182745,-0.001689996248840031,0.011798385026949187,25.958333333333332,0.03041993247912189,0.029801978243272575,0.018720262186333825,0.025107105486564807,0.013146828295591328,-0.0594203470810053,
2025-11-10 12:15:00,25630.25,54.80950697548726,52.63607932394814,60.386309621213634,29.171913028475828,0.014843788101949862,-0.007061967791964552,0.012327230518625498,6.916666666666667,0.013683050301889432,0.017571034227133797,0.006695213663542088,0.0023721969157537437,0.006685459564381935,-0.06776562850537937,
2025-11-17 11:15:00,25967.65,58.8060846707297,58.48227701487206,61.1875337393241,24.31680628024339,0.010744137417132427,-0.004802128802567807,0.008845621378907875,9.083333333333334,0.0039067840178066415,0.008009966246464328,-0.006600520262711518,-0.005547286720207767,-0.01602763438355037,-0.10032675270962144,
2025-11-26 14:15:00,26212.6,59.6607443366069,58.44241203095009,62.87490003269578,31.710143702386695,0.004318533834873239,-0.012268908845364357,-0.002636136819697321,8.833333333333334,-0.008398632718616184,-0.017262690461838925,-0.006267977995315199,-0.041359880362878854,-0.03019158725193216,-0.0830650145349946,
2025-12-05 11:15:00,26130.15,56.98506238773398,55.3201546937491,63.80386915347574,26.500149019055733,0.0027726591695798053,-0.01672014894671492,-0.010101358009808603,6.083333333333333,-0.004437402770362975,-0.007125868010707914,0.00799842327732514,-0.011236062556089554,-0.057965606779907586,-0.11287535662826276,
2025-12-11 14:15:00,25895.45,48.925876457949656,47.270055293465944,63.80386915347574,25.918670709329422,0.0062617177921215905,-0.006532035550646964,-0.0030816224471866827,7.041666666666667,-0.0028981925396159847,0.00756889723870402,-0.013073725306955386,-0.0011256803801440451,-0.07852923969268732,-0.10238285104139921,
2025-12-19 09:15:00,25935.6,47.81854219635497,45.51864466754336,61.01136787626067,26.028820208940353,0.011597958019093468,-0.0022208855781242764,0.004634556362683062,12.041666666666666,0.0060091148845602405,0.01230162402257906,-0.015719705732660794,-0.009884097533891634,-0.1040635265812242,-0.07279183824550028,
2025-12-31 11:15:00,26089.55,51.995868139057556,51.463223296776725,61.53626686835802,33.85516084969363,0.010872169125186293,-0.023616735436218672,-0.014386986360439225,13.166666666666666,0.0008643307377858012,-0.013269680772569847,-0.030466221149847317,-0.046175576044814926,-0.12344789388854926,-0.08033293023451915,
2026-01-14 09:15:00,25696.8,45.20238959010684,42.628846647667466,59.97624651306783,24.08051542379426,0.0068763425796207756,-0.03023722798169426,-0.0205745462470035,7.25,-0.021152439214221164,-0.017461318140780224,-0.006422978736651985,-0.09890725693471558,-0.056627673484636154,-0.061589380778929614,
2026-01-22 09:15:00,25376.0,36.0398210184078,29.624921170908348,57.04680433825298,46.08664358887529,0.038035939470365765,-0.027451134930643106,0.009311948297604067,15.166666666666666,-0.006476592055485453,0.011694120428751509,0.013451686633038973,-0.1104862862547289,-0.039519624842370704,-0.045858291298865095,
2026-02-06 14:15:00,25698.5,49.69262353820736,47.25464560731526,50.01522853260923,19.200992721755423,0.012097982372512028,-0.012677782749965893,-0.0009883845360624255,10.833333333333334,-0.008611397552386268,-0.004924411930657402,-0.07363464793664998,-0.10075490787400043,-0.0542988890402164,-0.04390528630075685,
2026-02-17 11:15:00,25721.7,53.97465274324656,53.13309588845079,50.87830959517741,38.37540540267422,0.006360388310259424,-0.13759393819226573,-0.058989102586532005,183.95833333333334,-0.00993907867675936,-0.050853948222706835,-0.09549135554803923,-0.05217773319803909,-0.08541231722631093,-0.05599357740740307,
2026-08-20 11:15:00,24214.75,44.636230397270445,43.44205922840778,53.12072370866579,46.03325110469776,0.002081376020813819,-0.0008486562942008335,0.0007061811499189385,0.16666666666666666,,,,,,,
